student_id,programa,genero,colegio_origen,asistencia_pct,nota_matematicas,nota_programacion,nota_estadistica
1,Administración,No especifica,Particular,82.7,4.66,4.16,5.36
2,Diseño,M,Subvencionado,89.7,8.432589922963324,3.76,5.74
3,Ingeniería,M,Subvencionado,94.9,5.83,5.34,5.19
4,Administración,No especifica,Particular,84.2,5.67,3.6,4.1
5,Administración,No especifica,Municipal,81.8,,4.54,5.34
6,Diseño,No especifica,Municipal,86.5,8.431062339502589,3.91,5.05
7,Ingeniería,M,Subvencionado,76.6,4.74,5.6,6.02
8,Ingeniería,No especifica,,105.9,4.87,6.98,5.83
9,Administración,No especifica,Subvencionado,68.9,4.87,3.57,4.94
10,Data Science,F,Particular,86.8,4.65,2.96,3.82
11,Administración,F,Subvencionado,105.2,,-0.6809828079854509,4.12
12,Administración,M,Subvencionado,85.1,4.72,5.02,4.24
13,Administración,No especifica,Particular,83.1,3.68,5.24,4.52
14,Administración,No especifica,Municipal,81.4,4.41,4.51,5.22
15,Diseño,F,Subvencionado,83.2,4.98,4.78,5.76
16,Ingeniería,M,Subvencionado,98.7,6.03,5.4,4.84
17,Diseño,F,Particular,62.9,5.4,6.14,4.92
18,Diseño,F,Municipal,100.3,3.95,2.85,5.07
19,Diseño,,Subvencionado,70.8,7.29,4.59,4.28
20,Administración,,Particular,82.3,5.06,5.24,3.79
21,Data Science,No especifica,Subvencionado,80.7,6.08,-0.6862087485570691,2.79
22,Ingeniería,No especifica,Particular,90.9,4.65,6.9,4.07
23,Data Science,F,Municipal,69.0,,4.3,5.47
24,Diseño,M,Municipal,89.6,5.64,4.95,4.06
25,Diseño,,Municipal,105.2,6.02,5.61,
26,Data Science,M,Municipal,71.4,5.86,,5.46
27,Data Science,M,Subvencionado,86.9,5.67,2.97,5.52
28,Data Science,F,Subvencionado,78.4,4.48,4.53,3.6
29,Diseño,No especifica,Municipal,89.3,4.23,6.13,
30,Diseño,M,Municipal,85.2,5.13,4.63,
31,Ingeniería,F,Municipal,78.6,5.73,4.07,3.54
32,Ingeniería,M,Subvencionado,89.9,4.58,6.02,
33,Diseño,M,Municipal,103.0,5.87,4.64,6.33
34,Data Science,F,Municipal,83.1,6.25,4.44,4.72
35,Data Science,No especifica,Municipal,92.2,3.88,,2.24
36,Ingeniería,No especifica,Particular,72.1,3.96,,3.22
37,Diseño,F,Municipal,75.4,,7.62,4.6
38,Ingeniería,No especifica,Particular,89.7,5.11,5.91,3.5
39,Ingeniería,F,Particular,99.8,4.28,6.28,4.4
40,Administración,F,Municipal,88.6,,4.44,
41,Administración,F,Particular,81.9,5.22,3.87,6.65
42,Administración,No especifica,Municipal,85.0,4.84,5.07,4.55
43,Data Science,F,Subvencionado,72.5,,5.12,6.19
44,Diseño,M,,91.0,3.48,3.81,6.61
45,Diseño,No especifica,Subvencionado,93.8,5.08,4.81,6.62
46,Diseño,No especifica,Subvencionado,80.5,2.67,5.44,5.24
47,Diseño,No especifica,Particular,80.3,5.81,5.4,2.54
48,Administración,,Municipal,87.7,4.64,5.55,5.45
49,Data Science,M,Municipal,80.6,8.04,5.32,6.16
50,Data Science,No especifica,Municipal,84.3,7.11,4.44,4.8
51,Administración,No especifica,Subvencionado,106.0,4.62,4.43,6.99
52,Data Science,F,Subvencionado,82.5,4.69,3.68,5.93
53,Administración,No especifica,,81.4,5.8,6.96,5.58
54,Diseño,M,Subvencionado,78.5,6.5,,6.2
55,Administración,M,Municipal,92.4,3.16,4.75,5.3
56,Diseño,M,Municipal,83.2,3.01,3.98,1.91
57,Diseño,M,Municipal,78.5,4.18,8.23,4.3
58,Ingeniería,No especifica,Municipal,98.2,5.38,3.82,6.34
59,Administración,No especifica,Municipal,99.2,5.3,4.53,3.93
60,Ingeniería,M,,79.0,5.87,5.46,4.63
61,Administración,M,Municipal,66.3,,5.66,3.65
62,Administración,No especifica,Subvencionado,95.1,2.48,6.05,7.04
63,Ingeniería,,Municipal,78.2,5.66,6.99,6.92
64,Ingeniería,F,,92.9,3.97,5.56,3.84
65,Administración,M,Subvencionado,65.3,2.78,3.84,5.08
66,Data Science,M,Subvencionado,93.9,4.95,4.72,4.08
67,Diseño,F,Subvencionado,72.9,5.59,-0.24087480153136442,5.64
68,Ingeniería,F,Municipal,92.3,4.68,,5.51
69,Diseño,No especifica,Particular,85.1,4.34,3.46,5.87
70,Data Science,No especifica,Particular,75.5,4.64,6.32,5.3
71,Data Science,F,Subvencionado,80.9,4.43,5.2,8.42
72,Data Science,,Particular,91.9,3.45,-0.844162968378529,3.67
73,Ingeniería,No especifica,Subvencionado,86.1,8.384606418834306,4.89,2.85
74,Data Science,,Municipal,90.8,5.32,4.07,4.43
75,Ingeniería,F,Particular,104.8,5.12,,3.02
76,Data Science,No especifica,Municipal,69.4,4.97,5.72,3.11
77,Diseño,M,,101.2,3.8,6.07,3.7
78,Diseño,F,,86.0,8.550936537243452,4.99,
79,Administración,M,Particular,76.0,2.62,4.34,3.75
80,Diseño,No especifica,,71.7,4.98,3.29,5.52
81,Administración,F,Municipal,83.1,6.23,5.9,4.29
82,Diseño,M,Particular,94.2,3.33,5.47,
83,Ingeniería,F,Municipal,83.7,4.21,3.94,5.97
84,Diseño,M,Municipal,100.1,5.13,4.41,3.98
85,Administración,No especifica,Municipal,70.5,6.05,4.49,4.58
86,Administración,No especifica,Particular,84.9,4.35,3.37,5.34
87,Data Science,F,Particular,72.5,8.65082392975902,4.1,2.57
88,Ingeniería,,Municipal,88.6,2.83,3.75,2.04
89,Diseño,F,Municipal,93.9,4.9,4.55,5.32
90,Data Science,F,Particular,80.8,6.84,4.19,
91,Diseño,M,Particular,59.0,5.08,,7.38
92,Diseño,M,Municipal,87.0,4.78,7.22,5.09
93,Data Science,M,Municipal,89.4,,6.38,5.88
94,Data Science,,Municipal,89.0,,,4.67
95,Data Science,F,Subvencionado,97.4,3.99,5.3,5.26
96,Data Science,F,Particular,74.3,5.62,5.46,6.9
97,Data Science,No especifica,Subvencionado,91.8,5.03,6.31,2.35
98,Diseño,M,,96.9,4.82,4.1,5.4
99,Data Science,No especifica,Particular,67.2,3.82,6.2,
100,Ingeniería,No especifica,Particular,88.2,6.1,4.4,5.24
101,Administración,No especifica,,80.0,,3.53,6.88
102,Data Science,F,,84.2,4.25,,4.14
103,Data Science,No especifica,Particular,88.5,5.8,6.42,4.86
104,Diseño,F,Particular,80.1,4.3,7.85,4.94
105,Data Science,F,Subvencionado,78.2,4.02,3.68,2.24
106,Data Science,F,Municipal,85.3,4.04,5.77,3.5
107,Data Science,,Municipal,74.1,3.03,4.55,3.58
108,Diseño,F,Subvencionado,74.1,5.27,5.86,5.89
109,Data Science,F,Subvencionado,91.8,2.97,3.38,
110,Administración,M,Subvencionado,73.5,3.57,3.61,5.29
111,Diseño,F,Subvencionado,91.7,2.72,4.15,5.89
112,Administración,No especifica,Particular,89.6,4.71,5.09,4.7
113,Diseño,No especifica,Municipal,67.7,4.65,4.29,6.34
114,Data Science,F,Particular,78.2,4.47,5.72,4.91
115,Administración,M,Municipal,96.9,3.76,6.13,4.97
116,Diseño,,Municipal,75.2,3.63,5.66,4.58
117,Ingeniería,M,Subvencionado,80.4,5.26,6.78,5.72
118,Data Science,M,Particular,89.6,4.25,5.46,4.39
119,Diseño,No especifica,Subvencionado,92.8,5.12,3.66,6.07
120,Ingeniería,M,Particular,82.5,3.91,,3.54
121,Diseño,,Municipal,79.0,4.98,4.33,3.58
122,Ingeniería,M,Subvencionado,99.2,6.1,6.0,5.72
123,Data Science,No especifica,Subvencionado,102.4,5.39,6.73,4.79
124,Administración,,,94.8,4.39,5.5,4.36
125,Ingeniería,No especifica,Municipal,85.9,5.06,3.35,5.97
126,Diseño,,Municipal,76.9,,3.99,4.17
127,Data Science,No especifica,Subvencionado,76.7,,6.46,4.66
128,Ingeniería,No especifica,Particular,90.2,8.246026984690275,4.81,
129,Diseño,M,Subvencionado,89.2,4.64,,6.75
130,Diseño,F,Particular,99.0,5.01,5.83,6.79
131,Diseño,No especifica,Subvencionado,91.5,3.81,5.77,4.56
132,Ingeniería,M,Subvencionado,70.0,3.78,5.31,6.38
133,Ingeniería,F,Municipal,95.5,3.41,4.77,3.76
134,Ingeniería,F,Particular,75.0,3.2,4.66,3.81
135,Administración,F,Subvencionado,81.2,3.58,5.94,2.08
136,Ingeniería,F,Subvencionado,87.5,4.96,5.61,6.91
137,Ingeniería,No especifica,Municipal,105.0,3.91,4.72,3.86
138,Ingeniería,No especifica,Municipal,116.1,5.31,6.19,4.75
139,Administración,M,Particular,91.1,4.83,4.86,3.81
140,Ingeniería,M,,83.2,2.83,4.06,5.73
141,Diseño,M,Particular,90.3,5.45,4.17,4.45
142,Ingeniería,F,,93.9,5.61,3.92,3.33
143,Diseño,F,Particular,81.8,3.81,4.7,5.43
144,Diseño,No especifica,,103.0,5.22,6.36,3.18
145,Diseño,F,Subvencionado,87.3,3.94,4.11,3.9
146,Administración,F,Particular,90.0,4.9,5.21,2.37
147,Administración,F,Municipal,91.7,3.54,,3.19
148,Administración,M,Municipal,89.2,3.01,,5.11
149,Ingeniería,M,Particular,93.4,4.42,3.34,2.54
150,Diseño,No especifica,Subvencionado,78.8,,4.76,3.12
151,Administración,F,Subvencionado,79.4,4.4,4.79,4.9
152,Administración,F,Municipal,74.0,3.62,5.59,4.25
153,Ingeniería,No especifica,Subvencionado,89.4,4.4,5.25,7.29
154,Administración,F,Subvencionado,92.8,5.07,,
155,Ingeniería,F,Subvencionado,89.6,4.76,6.19,3.86
156,Data Science,M,Municipal,101.7,4.98,,5.57
157,Administración,No especifica,,84.9,4.13,5.22,5.8
158,Data Science,No especifica,Subvencionado,91.7,5.97,-0.2093352619695481,4.18
159,Ingeniería,,Municipal,74.1,3.62,,3.11
160,Diseño,No especifica,Municipal,81.1,5.29,5.24,4.89
161,Administración,,Particular,92.0,5.98,5.52,4.69
162,Ingeniería,M,Subvencionado,93.5,5.28,3.08,4.38
163,Diseño,F,Subvencionado,82.1,4.6,4.41,5.43
164,Diseño,F,Particular,84.3,4.27,4.72,4.0
165,Data Science,,Particular,69.8,5.84,5.28,
166,Ingeniería,F,Municipal,81.4,3.38,6.31,5.03
167,Diseño,M,Municipal,93.9,3.83,4.15,5.36
168,Administración,No especifica,Particular,90.8,7.836286048259098,4.45,3.49
169,Administración,M,Subvencionado,90.0,6.04,4.44,6.01
170,Data Science,F,,85.5,5.18,4.12,2.78
171,Diseño,,Municipal,85.1,3.83,4.62,4.21
172,Ingeniería,No especifica,Subvencionado,78.4,4.49,5.85,
173,Administración,No especifica,Municipal,92.0,4.19,3.84,4.14
174,Diseño,M,Subvencionado,89.2,4.09,5.47,4.22
175,Diseño,M,Subvencionado,89.9,5.78,3.13,7.15
176,Data Science,M,Subvencionado,79.7,3.43,4.38,3.88
177,Administración,F,Particular,63.5,8.781738920093504,4.64,7.83
178,Administración,M,Particular,96.0,5.63,6.84,
179,Ingeniería,,Particular,80.2,5.89,4.7,5.01
180,Administración,M,Subvencionado,76.4,4.34,2.58,5.47
181,Ingeniería,No especifica,Subvencionado,91.9,8.440397746394787,2.8,7.94
182,Administración,No especifica,Particular,81.1,,5.04,3.71
183,Data Science,F,Municipal,95.6,,5.68,3.56
184,Administración,F,Subvencionado,91.2,5.29,5.41,3.99
185,Ingeniería,No especifica,Municipal,91.8,6.1,5.18,4.94
186,Ingeniería,No especifica,Municipal,71.3,3.69,6.28,2.83
187,Data Science,,Subvencionado,97.1,,4.41,4.93
188,Administración,M,Subvencionado,87.6,4.65,5.98,6.93
189,Administración,M,Municipal,81.3,3.4,3.2,5.08
190,Data Science,No especifica,Municipal,86.4,5.39,4.0,
191,Administración,M,Particular,67.2,4.08,3.01,4.16
192,Administración,M,Particular,89.1,4.6,,5.98
193,Ingeniería,F,,74.7,4.35,4.95,3.91
194,Administración,No especifica,Particular,71.5,4.01,5.13,7.12
195,Administración,No especifica,Particular,69.8,4.79,5.07,7.22
196,Data Science,M,Particular,96.1,,3.98,5.21
197,Data Science,No especifica,Particular,78.7,4.43,,4.89
198,Diseño,F,Municipal,100.3,4.07,3.35,6.14
199,Ingeniería,F,Subvencionado,79.6,5.12,6.5,6.21
200,Administración,F,Particular,67.9,6.45,4.67,
201,Administración,No especifica,,73.8,4.94,4.46,4.27
202,Diseño,No especifica,Municipal,97.4,5.8,6.75,3.31
203,Administración,No especifica,Municipal,83.4,3.41,3.63,5.39
204,Ingeniería,No especifica,Particular,79.5,4.96,3.76,5.7
205,Diseño,No especifica,Particular,86.6,3.7,3.79,3.28
206,Ingeniería,F,Subvencionado,90.0,3.32,4.93,4.35
207,Diseño,M,Particular,96.2,4.06,5.47,3.28
208,Diseño,F,Particular,99.5,5.99,5.81,3.82
209,Data Science,No especifica,Municipal,81.4,,7.83,5.56
210,Ingeniería,F,Subvencionado,71.7,5.04,2.53,4.02
211,Administración,No especifica,Particular,80.9,7.708732251777335,5.67,4.54
212,Administración,No especifica,,87.6,4.6,4.39,2.95
213,Ingeniería,F,Municipal,75.4,5.1,4.35,5.12
214,Administración,No especifica,,75.4,,4.32,4.85
215,Administración,M,Particular,88.4,2.96,4.0,4.03
216,Ingeniería,No especifica,Subvencionado,84.5,3.91,6.85,4.67
217,Diseño,M,Subvencionado,85.3,4.74,,5.12
218,Ingeniería,M,Municipal,77.4,5.34,5.03,
219,Diseño,No especifica,Municipal,82.7,2.6,,3.13
220,Administración,F,Particular,75.8,4.64,3.34,7.07
221,Administración,M,Municipal,93.9,4.94,3.54,4.14
222,Administración,F,Particular,95.4,5.65,2.6,4.78
223,Data Science,M,Subvencionado,66.5,5.49,4.23,6.11
224,Diseño,No especifica,Subvencionado,75.7,5.38,5.18,9.13
225,Data Science,,Particular,70.0,4.0,5.11,3.41
226,Data Science,,Municipal,78.5,2.89,5.16,5.44
227,Ingeniería,No especifica,Subvencionado,84.2,4.41,3.45,4.05
228,Data Science,M,Municipal,70.5,5.8,5.88,4.25
229,Ingeniería,No especifica,Subvencionado,75.8,6.19,5.26,4.04
230,Ingeniería,F,,75.0,5.51,5.81,3.55
231,Data Science,No especifica,Particular,87.1,5.23,,4.85
232,Diseño,F,Particular,85.7,5.18,5.34,3.13
233,Diseño,No especifica,Subvencionado,77.8,4.24,3.69,6.04
234,Diseño,F,Municipal,86.8,4.67,4.56,4.97
235,Diseño,No especifica,Municipal,79.5,6.47,5.59,5.41
236,Diseño,F,Municipal,82.3,3.86,5.1,4.34
237,Data Science,,Subvencionado,101.7,6.41,4.06,4.46
238,Data Science,,Subvencionado,98.4,4.48,5.01,5.25
239,Administración,F,Subvencionado,72.0,6.13,3.32,3.5
240,Diseño,No especifica,Subvencionado,93.3,3.39,6.27,4.47
241,Data Science,F,Subvencionado,93.1,5.39,,3.87
242,Administración,No especifica,Municipal,73.5,4.06,6.23,3.83
243,Diseño,M,Subvencionado,93.2,3.38,4.42,2.37
244,Ingeniería,No especifica,Subvencionado,100.4,5.02,4.42,6.51
245,Administración,M,Municipal,73.8,5.81,4.16,4.08
246,Data Science,No especifica,Subvencionado,75.8,3.96,5.96,6.3
247,Ingeniería,No especifica,Municipal,95.2,3.3,-0.7593734418510861,6.18
248,Ingeniería,No especifica,Municipal,87.7,4.71,5.71,3.36
249,Ingeniería,F,Particular,90.5,4.71,4.58,3.59
250,Administración,F,Particular,88.4,5.35,2.83,7.97
251,Data Science,M,,88.9,5.75,4.37,7.0
252,Ingeniería,M,Particular,71.7,4.74,3.7,4.86
253,Diseño,F,Subvencionado,95.5,6.66,5.04,5.21
254,Ingeniería,M,Particular,96.7,8.1649217646401,3.69,4.14
255,Ingeniería,F,Municipal,82.7,,6.02,5.42
256,Administración,No especifica,,84.6,8.730096179315057,4.9,4.04
257,Administración,M,Particular,69.7,4.54,,2.46
258,Data Science,M,Municipal,90.1,4.46,5.72,3.31
259,Diseño,F,,90.7,8.172832284068557,6.06,4.93
260,Administración,M,Subvencionado,84.4,5.26,4.98,3.54
261,Ingeniería,M,Particular,96.2,3.62,4.15,4.82
262,Data Science,No especifica,Subvencionado,81.7,4.97,3.05,3.61
263,Ingeniería,M,Municipal,90.6,5.47,4.25,3.96
264,Ingeniería,No especifica,Subvencionado,74.8,6.33,0.2921107723312719,5.92
265,Administración,F,Municipal,84.8,5.69,5.12,5.2
266,Data Science,M,,83.3,5.56,4.62,4.89
267,Diseño,No especifica,Particular,87.3,4.86,5.76,5.95
268,Diseño,F,Municipal,81.3,5.19,4.33,5.48
269,Administración,M,Subvencionado,83.7,6.05,4.94,6.64
270,Administración,F,Subvencionado,93.3,3.47,6.3,4.35
271,Data Science,M,,80.6,4.45,5.38,
272,Diseño,F,Municipal,68.9,4.03,4.93,3.34
273,Diseño,F,Municipal,102.5,5.18,4.34,4.39
274,Diseño,No especifica,Municipal,98.8,6.03,4.3,6.06
275,Ingeniería,F,Particular,72.1,4.2,4.06,6.46
276,Diseño,M,Particular,91.9,2.41,4.4,6.05
277,Ingeniería,M,Municipal,80.0,4.39,5.83,2.75
278,Data Science,No especifica,Subvencionado,87.6,5.71,4.76,6.2
279,Ingeniería,M,Particular,87.9,5.34,3.52,2.69
280,Data Science,M,,82.7,5.23,6.94,
281,Diseño,M,Subvencionado,77.2,,5.35,4.46
282,Diseño,,Particular,78.1,3.52,3.45,5.74
283,Data Science,,Subvencionado,75.8,5.32,4.51,3.3
284,Administración,M,Subvencionado,76.7,3.97,5.12,6.31
285,Data Science,No especifica,Subvencionado,84.3,6.98,6.88,3.14
286,Administración,F,Subvencionado,77.8,5.37,3.78,
287,Ingeniería,No especifica,Particular,91.8,4.22,6.07,
288,Ingeniería,M,Particular,99.9,4.19,,
289,Ingeniería,M,Particular,79.2,4.71,4.31,5.01
290,Diseño,F,Municipal,87.4,4.56,4.69,7.07
291,Ingeniería,,Particular,90.0,5.92,0.3159203470270502,8.1
292,Administración,F,Subvencionado,89.7,4.99,4.78,5.02
293,Ingeniería,M,Particular,85.8,4.07,4.96,6.24
294,Data Science,M,Subvencionado,92.4,6.69,5.73,
295,Data Science,F,Municipal,89.8,4.85,6.2,5.5
296,Diseño,F,Subvencionado,72.6,5.57,4.18,4.49
297,Data Science,F,,93.7,4.19,2.84,5.13
298,Administración,M,Subvencionado,93.9,5.16,4.98,5.54
299,Ingeniería,M,Municipal,77.4,5.11,5.32,4.21
300,Diseño,No especifica,Particular,85.4,2.91,5.27,4.81
301,Ingeniería,F,Particular,91.8,6.82,4.64,4.83
302,Ingeniería,M,Municipal,82.9,6.09,5.14,
303,Administración,M,Subvencionado,95.7,4.4,6.67,3.62
304,Data Science,F,Particular,108.6,3.7,5.42,4.84
305,Data Science,No especifica,Municipal,77.1,5.15,4.59,7.19
306,Ingeniería,F,Particular,71.2,4.89,4.45,6.3
307,Diseño,No especifica,Municipal,88.0,5.16,4.81,6.52
308,Data Science,M,Subvencionado,92.2,4.99,6.8,4.93
309,Diseño,No especifica,Particular,82.7,5.31,4.8,5.29
310,Data Science,M,,99.5,6.25,4.98,6.1
311,Diseño,F,Particular,71.6,5.37,4.47,6.77
312,Administración,F,Particular,91.9,3.75,6.21,2.56
313,Diseño,F,Particular,78.9,6.16,7.16,
314,Administración,No especifica,Particular,102.2,6.44,5.5,6.47
315,Administración,M,,104.9,7.95,5.09,4.57
316,Diseño,F,Subvencionado,77.3,,,4.09
317,Administración,F,Municipal,79.5,5.04,2.38,3.4
318,Ingeniería,M,Municipal,93.6,2.72,5.82,4.23
319,Administración,F,Municipal,81.1,,5.15,3.22
320,Data Science,,Subvencionado,84.5,4.25,5.47,7.41
321,Diseño,M,Particular,85.3,6.72,4.22,4.87
322,Ingeniería,,Particular,65.8,4.03,4.58,4.83
323,Diseño,M,,84.9,3.11,4.55,5.61
324,Data Science,M,Subvencionado,78.1,4.33,6.12,6.05
325,Data Science,No especifica,Particular,80.1,2.82,4.58,6.04
326,Data Science,F,Subvencionado,99.4,5.55,7.29,6.19
327,Administración,No especifica,Particular,72.4,,5.47,4.14
328,Administración,,Particular,93.1,4.83,3.6,4.54
329,Diseño,No especifica,Municipal,82.2,2.72,4.86,5.82
330,Diseño,M,Subvencionado,82.2,4.48,4.28,4.27
331,Ingeniería,F,Municipal,92.9,6.44,2.59,
332,Ingeniería,F,Municipal,88.4,5.16,6.76,5.38
333,Diseño,No especifica,Municipal,90.7,3.94,5.77,5.84
334,Administración,No especifica,Subvencionado,94.7,4.77,5.59,2.77
335,Data Science,F,Subvencionado,81.7,4.82,5.18,5.76
336,Diseño,No especifica,Particular,78.9,5.27,3.48,4.62
337,Ingeniería,No especifica,Municipal,74.1,3.43,4.47,
338,Administración,No especifica,Particular,76.7,5.39,5.93,5.83
339,Diseño,M,Municipal,114.5,2.1,3.84,6.83
340,Diseño,M,Subvencionado,97.4,4.17,-0.48003438003920684,6.52
341,Administración,No especifica,Subvencionado,71.5,,4.75,6.52
342,Diseño,No especifica,Subvencionado,71.8,5.43,4.84,6.63
343,Administración,M,Municipal,89.8,,5.15,5.25
344,Data Science,M,Subvencionado,90.5,3.39,5.8,4.94
345,Administración,F,Municipal,90.5,3.82,5.7,5.95
346,Administración,F,Particular,82.5,5.0,5.28,5.78
347,Administración,M,Municipal,83.7,4.72,6.32,4.53
348,Diseño,No especifica,,88.3,4.22,3.33,5.39
349,Diseño,No especifica,Municipal,85.9,4.32,5.56,4.86
350,Administración,No especifica,Particular,62.8,5.5,5.69,
351,Diseño,No especifica,Subvencionado,82.7,4.28,3.64,6.45
352,Ingeniería,F,Particular,76.5,4.71,3.35,4.97
353,Ingeniería,M,Subvencionado,86.8,6.97,4.18,7.36
354,Diseño,No especifica,Subvencionado,114.9,3.38,4.27,2.95
355,Diseño,F,Particular,88.7,2.95,5.83,4.23
356,Administración,No especifica,Municipal,81.9,5.58,4.32,4.94
357,Data Science,M,Municipal,94.2,4.12,4.06,6.26
358,Diseño,F,Municipal,89.8,4.48,4.33,5.38
359,Ingeniería,M,Municipal,89.2,4.02,6.23,5.27
360,Administración,M,Municipal,91.1,4.54,5.01,3.55
361,Diseño,F,Subvencionado,105.6,6.4,4.8,3.51
362,Ingeniería,F,Municipal,73.7,5.6,4.88,5.29
363,Ingeniería,F,Subvencionado,89.7,5.66,6.42,
364,Data Science,,,75.7,3.38,4.18,4.26
365,Administración,F,Subvencionado,90.6,3.65,6.45,5.5
366,Administración,F,Particular,75.8,1.96,5.23,3.72
367,Data Science,F,Particular,80.8,3.99,4.82,
368,Data Science,No especifica,Subvencionado,82.0,5.76,7.75,
369,Administración,M,Particular,94.8,5.32,3.84,3.01
370,Administración,F,Municipal,94.2,4.58,4.61,
371,Diseño,No especifica,Municipal,72.5,4.78,3.64,2.16
372,Diseño,No especifica,Subvencionado,85.5,4.11,6.05,
373,Data Science,No especifica,Municipal,77.9,,6.86,5.82
374,Diseño,M,Subvencionado,72.4,5.57,6.84,4.4
375,Ingeniería,F,Subvencionado,82.8,3.18,6.35,5.45
376,Diseño,No especifica,Municipal,81.9,5.1,4.78,3.07
377,Diseño,M,Particular,109.3,,4.6,5.86
378,Ingeniería,M,Municipal,89.3,4.38,3.16,4.23
379,Data Science,M,Municipal,71.2,5.5,7.24,4.91
380,Ingeniería,No especifica,Subvencionado,79.4,7.61,5.52,4.79
381,Diseño,F,Subvencionado,95.2,4.7,4.46,3.37
382,Data Science,No especifica,Subvencionado,105.9,5.19,6.46,3.52
383,Diseño,No especifica,Subvencionado,69.1,4.06,3.93,6.06
384,Ingeniería,,,66.2,4.98,5.45,5.38
385,Ingeniería,F,Particular,103.7,5.26,4.81,6.16
386,Diseño,F,Particular,88.9,4.99,,5.29
387,Administración,M,Subvencionado,76.3,3.78,4.93,5.07
388,Administración,F,Subvencionado,90.3,5.01,3.4,2.83
389,Ingeniería,No especifica,Subvencionado,58.6,6.26,5.08,4.58
390,Ingeniería,F,Particular,85.0,5.25,6.15,4.87
391,Administración,No especifica,Subvencionado,88.3,5.76,4.97,7.24
392,Administración,M,Municipal,94.2,4.56,5.85,5.72
393,Diseño,No especifica,Municipal,74.9,5.55,-0.9401085117922432,6.74
394,Diseño,No especifica,Subvencionado,85.9,5.08,4.97,5.62
395,Administración,F,Municipal,75.7,3.85,,4.05
396,Diseño,F,Municipal,87.6,5.12,5.82,5.04
397,Diseño,No especifica,Particular,76.0,3.81,5.03,5.18
398,Data Science,F,Subvencionado,80.9,4.17,5.76,3.77
399,Diseño,M,Subvencionado,75.0,4.99,6.2,4.44
400,Ingeniería,M,Particular,91.5,,5.76,4.65
401,Diseño,F,Municipal,93.6,3.61,5.3,6.83
402,Diseño,M,Municipal,82.7,5.85,3.9,2.4
403,Administración,F,,85.4,,5.0,6.35
404,Ingeniería,No especifica,Municipal,70.5,4.1,4.41,3.78
405,Diseño,No especifica,Particular,82.0,3.26,4.62,3.25
406,Diseño,M,Particular,84.5,4.66,4.59,6.32
407,Data Science,F,Subvencionado,111.2,4.35,,5.78
408,Diseño,F,Particular,73.9,4.91,2.85,
409,Diseño,M,Particular,99.6,4.44,4.27,
410,Data Science,,Subvencionado,95.0,2.79,5.21,7.37
411,Administración,M,Particular,87.8,4.41,3.52,5.57
412,Diseño,No especifica,Particular,102.6,4.49,5.02,4.71
413,Data Science,F,Particular,88.7,5.43,7.09,
414,Ingeniería,,Municipal,88.9,4.1,6.13,6.39
415,Administración,M,Subvencionado,84.5,6.48,6.81,3.96
416,Ingeniería,F,Subvencionado,97.2,2.89,5.43,4.12
417,Ingeniería,M,,96.0,6.11,6.28,4.53
418,Data Science,M,Municipal,78.7,4.58,4.2,2.37
419,Diseño,No especifica,Municipal,71.8,5.66,4.29,5.07
420,Data Science,M,Subvencionado,83.0,,1.99,2.64
421,Data Science,No especifica,Municipal,77.0,,6.3,4.96
422,Data Science,F,,84.4,4.41,6.69,
423,Data Science,No especifica,Municipal,97.4,3.7,4.39,4.33
424,Administración,F,Particular,80.4,6.22,4.72,6.91
425,Diseño,No especifica,Particular,84.6,,4.17,3.15
426,Ingeniería,M,Subvencionado,85.6,5.02,5.42,6.33
427,Ingeniería,,Municipal,93.5,6.03,6.24,5.71
428,Diseño,No especifica,Municipal,62.5,,3.08,2.84
429,Ingeniería,F,Particular,78.9,5.4,5.45,8.15
430,Diseño,M,Particular,87.1,4.21,4.7,4.82
431,Ingeniería,No especifica,Municipal,97.0,4.67,5.12,3.85
432,Data Science,M,Municipal,80.1,4.87,5.5,3.21
433,Ingeniería,No especifica,Municipal,66.2,3.3,4.79,
434,Diseño,,Municipal,91.2,4.02,4.89,4.75
435,Diseño,M,Municipal,78.6,6.15,4.76,
436,Diseño,No especifica,Municipal,73.1,5.69,6.07,4.54
437,Diseño,M,Subvencionado,78.8,4.74,5.46,5.66
438,Diseño,No especifica,Municipal,83.2,5.04,5.24,4.43
439,Administración,F,,79.0,4.51,,2.58
440,Administración,,Subvencionado,62.9,6.16,4.58,4.72
441,Ingeniería,No especifica,Municipal,94.0,4.6,5.99,2.06
442,Diseño,No especifica,Particular,97.7,5.03,5.04,5.32
443,Ingeniería,F,Subvencionado,91.5,5.95,5.73,3.72
444,Diseño,M,Particular,73.6,4.02,6.94,5.1
445,Diseño,No especifica,Municipal,83.0,6.36,6.14,6.48
446,Administración,F,Municipal,84.9,3.27,5.1,3.76
447,Administración,No especifica,Municipal,91.0,6.43,4.44,6.17
448,Data Science,M,,91.7,4.43,2.19,4.38
449,Administración,No especifica,Subvencionado,77.7,4.56,4.81,7.0
450,Data Science,No especifica,Subvencionado,85.8,2.91,4.64,4.46
451,Data Science,No especifica,Particular,89.6,4.35,5.43,3.89
452,Data Science,No especifica,Municipal,99.6,3.76,4.83,5.72
453,Data Science,F,Particular,92.0,,4.65,4.38
454,Data Science,,Subvencionado,92.9,4.66,3.04,3.89
455,Ingeniería,M,Municipal,85.8,5.76,3.97,4.33
456,Administración,F,Municipal,99.1,5.01,5.52,4.85
457,Data Science,F,Subvencionado,89.1,5.11,6.89,6.51
458,Diseño,M,Subvencionado,76.4,3.7,4.89,
459,Administración,F,Subvencionado,99.0,3.92,5.36,4.93
460,Administración,F,Subvencionado,92.0,6.6,6.05,5.65
461,Data Science,,Subvencionado,80.6,4.06,4.11,5.13
462,Ingeniería,M,Municipal,80.2,,5.4,6.47
463,Data Science,M,Subvencionado,88.0,4.56,4.19,4.81
464,Ingeniería,No especifica,Municipal,89.6,4.8,5.95,4.68
465,Diseño,No especifica,Municipal,87.0,5.87,5.17,5.61
466,Administración,M,Subvencionado,88.1,6.07,,5.02
467,Diseño,M,Subvencionado,102.0,4.69,4.14,4.43
468,Ingeniería,M,Municipal,95.7,,5.78,5.52
469,Ingeniería,No especifica,Subvencionado,86.9,4.74,7.29,4.12
470,Diseño,No especifica,Subvencionado,94.4,5.14,3.89,
471,Ingeniería,,Subvencionado,74.7,5.69,,4.27
472,Diseño,F,Particular,89.0,4.8,5.25,6.52
473,Administración,M,Municipal,103.1,5.42,5.87,1.03
474,Diseño,No especifica,Particular,82.8,6.44,4.38,5.37
475,Administración,No especifica,Subvencionado,76.5,5.18,1.88,4.94
476,Diseño,No especifica,Particular,78.5,5.11,6.5,2.88
477,Ingeniería,M,Subvencionado,74.1,3.28,5.84,5.27
478,Diseño,F,Particular,77.2,2.17,3.08,5.47
479,Ingeniería,M,Subvencionado,81.3,5.19,4.33,5.61
480,Diseño,F,Particular,70.9,4.71,6.73,1.72
481,Diseño,F,Particular,85.2,,6.59,6.54
482,Data Science,M,Particular,94.0,5.04,6.03,4.01
483,Ingeniería,F,Municipal,75.9,4.74,4.81,5.72
484,Data Science,F,Particular,100.2,5.93,,5.79
485,Ingeniería,No especifica,,90.1,4.89,4.86,3.85
486,Data Science,F,Subvencionado,95.3,4.05,6.24,
487,Administración,M,,78.4,5.79,4.04,4.44
488,Diseño,M,Subvencionado,93.5,4.58,4.11,2.41
489,Ingeniería,F,Subvencionado,74.1,5.33,6.11,6.3
490,Ingeniería,No especifica,Particular,93.9,4.32,4.95,3.97
491,Diseño,No especifica,Municipal,86.7,4.15,6.52,3.87
492,Ingeniería,F,Particular,90.5,4.88,4.26,4.42
493,Ingeniería,F,Subvencionado,73.2,4.81,4.94,5.23
494,Data Science,M,Subvencionado,76.0,5.28,3.99,4.83
495,Ingeniería,F,Particular,91.0,4.53,5.01,5.56
496,Administración,No especifica,Municipal,75.5,2.96,3.37,3.29
497,Administración,,Municipal,89.6,4.37,4.46,4.01
498,Diseño,M,,71.3,5.59,3.42,4.76
499,Ingeniería,M,Subvencionado,93.5,4.5,5.76,7.18
500,Diseño,M,Municipal,72.7,4.55,5.79,4.76
501,Administración,M,Particular,90.5,,3.1,6.2
502,Ingeniería,M,Subvencionado,91.3,4.09,6.47,4.95
503,Ingeniería,F,,78.0,3.26,7.75,4.32
504,Diseño,F,Subvencionado,90.8,4.64,,
505,Administración,F,,87.6,4.32,4.29,4.7
506,Ingeniería,F,Municipal,79.6,3.83,8.11,5.62
507,Diseño,M,Subvencionado,74.9,,3.55,6.55
508,Administración,No especifica,Particular,65.4,5.29,5.02,5.33
509,Diseño,,Subvencionado,88.5,4.79,5.2,6.32
510,Data Science,No especifica,Particular,69.4,5.11,6.48,3.74
511,Ingeniería,F,Particular,86.0,6.61,-0.9088272362729952,4.4
512,Data Science,F,Municipal,82.4,4.46,4.45,4.03
513,Administración,No especifica,Particular,91.8,5.08,,
514,Data Science,M,Subvencionado,82.0,,4.62,4.47
515,Data Science,F,Particular,81.7,3.95,3.89,5.78
516,Administración,F,Particular,92.3,4.22,5.05,3.78
517,Diseño,F,Municipal,88.4,4.32,4.38,4.95
518,Data Science,No especifica,Particular,88.2,5.16,3.36,5.72
519,Diseño,M,Particular,89.7,7.15,,2.42
520,Data Science,No especifica,Subvencionado,69.6,8.376107864900655,4.45,7.45
521,Diseño,No especifica,Municipal,92.6,4.38,3.61,4.56
522,Administración,M,Municipal,91.1,4.74,4.81,2.47
523,Data Science,No especifica,Municipal,74.8,5.2,5.08,
524,Administración,M,Particular,82.6,5.06,3.08,4.94
525,Data Science,F,Municipal,84.6,6.08,5.36,4.8
526,Administración,M,Particular,83.7,2.37,,6.09
527,Administración,F,Particular,88.3,8.57187520681569,6.88,5.8
528,Data Science,No especifica,Subvencionado,99.3,4.3,,5.26
529,Data Science,No especifica,Subvencionado,95.8,5.9,4.56,
530,Data Science,F,Subvencionado,71.9,,4.18,4.77
531,Ingeniería,No especifica,Subvencionado,91.2,1.79,4.88,
532,Diseño,M,Subvencionado,98.3,5.37,,3.12
533,Ingeniería,F,Particular,88.9,5.04,,5.07
534,Ingeniería,No especifica,Particular,95.9,3.71,4.76,4.98
535,Administración,F,Municipal,105.1,3.81,5.06,5.88
536,Data Science,M,Particular,95.2,3.83,4.34,3.89
537,Diseño,M,Particular,87.5,,4.62,2.81
538,Administración,No especifica,Subvencionado,95.5,,2.71,5.09
539,Ingeniería,,Particular,86.4,5.29,6.07,5.24
540,Data Science,F,Subvencionado,85.2,,5.33,6.69
541,Administración,M,,81.5,,,3.38
542,Data Science,F,Municipal,100.6,3.67,7.09,6.29
543,Administración,F,Particular,76.8,4.54,5.1,
544,Data Science,M,Municipal,100.3,4.26,3.86,4.45
545,Ingeniería,No especifica,Particular,90.0,5.6,5.94,3.35
546,Diseño,M,Municipal,71.0,2.94,5.44,4.41
547,Ingeniería,F,Subvencionado,88.7,4.85,5.43,4.92
548,Diseño,F,,64.0,,4.53,5.58
549,Data Science,M,Subvencionado,91.3,,5.5,4.19
550,Administración,No especifica,Subvencionado,93.9,4.32,4.71,6.77
551,Ingeniería,No especifica,Particular,79.1,5.12,5.61,3.56
552,Diseño,F,Municipal,86.2,3.0,2.9,2.81
553,Ingeniería,F,Particular,104.5,2.41,4.52,6.23
554,Diseño,No especifica,,79.9,5.64,6.89,2.17
555,Ingeniería,M,Particular,74.4,,4.16,4.66
556,Diseño,F,Municipal,99.8,5.98,,8.64
557,Diseño,F,Particular,104.6,3.43,4.51,4.89
558,Data Science,No especifica,Municipal,85.0,,3.66,3.56
559,Diseño,M,,95.1,6.67,,4.83
560,Data Science,,Municipal,98.4,5.22,-0.8674326310586441,4.84
561,Diseño,M,Municipal,77.6,5.08,5.15,5.09
562,Administración,M,Subvencionado,80.1,4.81,4.94,5.69
563,Administración,M,Municipal,97.3,3.23,,3.65
564,Administración,F,,101.9,6.16,5.05,6.93
565,Diseño,No especifica,Subvencionado,90.6,4.19,6.13,5.19
566,Data Science,No especifica,Subvencionado,76.2,,,5.77
567,Data Science,M,Particular,104.9,3.24,4.37,4.15
568,Diseño,F,Particular,79.7,3.62,4.69,6.44
569,Administración,F,Particular,81.6,6.24,5.64,4.59
570,Administración,No especifica,Particular,88.4,4.45,6.55,5.23
571,Data Science,F,Municipal,100.5,6.25,4.31,3.78
572,Administración,F,Municipal,93.5,4.72,5.11,3.7
573,Ingeniería,M,Particular,89.1,2.96,5.37,5.73
574,Data Science,F,Municipal,89.6,,3.91,4.37
575,Administración,M,Municipal,85.4,4.21,5.02,3.88
576,Data Science,No especifica,,90.6,5.5,3.39,4.13
577,Ingeniería,F,Subvencionado,59.7,4.83,3.05,5.74
578,Data Science,No especifica,Subvencionado,82.0,3.26,5.4,4.15
579,Data Science,No especifica,Subvencionado,87.4,4.96,,4.76
580,Data Science,F,Municipal,73.5,7.0,5.22,
581,Data Science,F,Particular,88.9,5.29,4.98,2.6
582,Ingeniería,,Municipal,83.0,4.74,,3.13
583,Diseño,F,Municipal,102.6,5.88,4.95,5.3
584,Data Science,M,Municipal,100.7,5.01,3.64,4.02
585,Data Science,,Subvencionado,80.3,5.01,6.53,6.17
586,Administración,F,Subvencionado,83.5,3.71,3.51,6.06
587,Data Science,No especifica,Subvencionado,84.3,5.03,4.78,5.76
588,Administración,,Particular,80.5,5.84,3.85,7.08
589,Diseño,,Municipal,87.0,3.96,5.63,4.8
590,Ingeniería,No especifica,Particular,77.4,6.22,4.64,5.68
591,Ingeniería,No especifica,Subvencionado,73.7,4.71,4.43,4.2
592,Diseño,M,Particular,91.2,,5.94,7.84
593,Ingeniería,No especifica,Municipal,91.3,5.8,5.03,7.28
594,Diseño,M,Municipal,77.0,4.51,5.57,4.91
595,Diseño,No especifica,Subvencionado,94.0,5.56,3.92,5.36
596,Diseño,,Subvencionado,78.7,4.51,3.45,6.53
597,Ingeniería,M,Particular,87.5,4.74,,4.72
598,Administración,M,Subvencionado,93.2,5.29,,4.11
599,Diseño,M,Subvencionado,84.7,7.964505300135239,5.69,5.95
600,Data Science,,Municipal,89.5,2.8,4.91,
601,Ingeniería,F,Subvencionado,79.8,3.68,,5.12
602,Diseño,,Subvencionado,83.0,5.73,3.21,3.9
603,Diseño,F,Municipal,82.9,7.701988389936278,7.08,2.84
604,Data Science,F,Municipal,77.5,4.28,4.82,5.18
605,Administración,M,Particular,83.2,3.44,5.77,5.99
606,Administración,F,Subvencionado,69.5,3.72,4.08,4.63
607,Administración,,Municipal,80.1,2.78,5.34,6.62
608,Diseño,F,Particular,82.2,4.7,3.57,4.06
609,Diseño,No especifica,Particular,82.4,4.2,5.5,3.63
610,Diseño,M,Subvencionado,82.6,3.83,4.61,4.82
611,Ingeniería,No especifica,Subvencionado,84.4,4.73,5.03,4.8
612,Data Science,M,Particular,89.8,5.16,,5.82
613,Diseño,No especifica,Municipal,93.7,6.89,3.64,3.97
614,Data Science,,Particular,78.5,3.29,4.25,6.54
615,Data Science,F,Subvencionado,73.0,5.96,5.5,7.26
616,Administración,F,Municipal,74.6,5.77,7.31,4.85
617,Ingeniería,M,Municipal,80.1,4.02,4.85,6.4
618,Diseño,No especifica,Particular,81.5,5.0,5.65,3.63
619,Administración,F,Subvencionado,77.3,4.34,4.88,
620,Administración,No especifica,Particular,72.0,4.99,7.14,6.16
621,Diseño,No especifica,Particular,80.4,6.31,3.08,5.94
622,Data Science,F,Particular,86.8,5.41,5.1,4.88
623,Administración,F,Municipal,91.0,5.31,3.21,1.35
624,Data Science,No especifica,Municipal,79.4,4.37,2.24,4.13
625,Ingeniería,F,Subvencionado,80.9,3.32,5.33,4.15
626,Data Science,F,Subvencionado,75.7,,5.15,
627,Ingeniería,F,Particular,84.7,6.01,4.69,5.05
628,Data Science,M,Particular,76.5,3.27,4.88,4.4
629,Administración,No especifica,Particular,90.7,,8.41,3.91
630,Administración,No especifica,Subvencionado,67.1,4.93,4.72,3.63
631,Ingeniería,M,Municipal,81.4,3.82,5.56,4.04
632,Diseño,No especifica,Municipal,88.0,4.01,4.29,6.25
633,Ingeniería,,Particular,86.8,4.38,5.32,
634,Ingeniería,No especifica,,111.9,3.43,4.74,4.28
635,Data Science,F,,88.5,3.83,4.55,4.35
636,Data Science,,Particular,75.0,5.5,7.0,
637,Ingeniería,F,Subvencionado,84.0,3.49,6.29,5.45
638,Administración,No especifica,Municipal,67.2,3.2,5.15,1.25
639,Data Science,No especifica,Particular,84.2,,2.47,6.13
640,Diseño,No especifica,Subvencionado,76.7,,4.6,6.62
641,Data Science,M,Particular,94.2,,-0.5217193440776862,3.64
642,Data Science,M,Particular,79.5,,4.75,3.73
643,Diseño,No especifica,,83.8,4.84,6.21,
644,Ingeniería,F,Particular,78.6,3.05,6.59,3.99
645,Diseño,M,Municipal,102.4,5.29,5.24,5.17
646,Ingeniería,No especifica,Municipal,81.8,5.18,4.07,2.56
647,Ingeniería,No especifica,Municipal,103.3,4.39,2.32,3.56
648,Ingeniería,M,Subvencionado,93.1,5.81,5.75,6.75
649,Diseño,M,Subvencionado,89.8,3.67,4.1,3.79
650,Ingeniería,M,Municipal,88.7,5.93,5.19,6.39
651,Administración,F,Particular,88.9,4.95,3.63,5.33
652,Diseño,F,Municipal,65.7,4.46,4.71,2.73
653,Administración,No especifica,Particular,82.2,4.78,5.04,5.66
654,Ingeniería,M,Municipal,93.5,4.69,5.3,4.76
655,Data Science,,Particular,84.5,6.02,3.77,4.35
656,Ingeniería,,Subvencionado,70.9,3.72,6.32,5.19
657,Administración,No especifica,Particular,84.5,4.04,4.34,5.47
658,Administración,F,Municipal,102.0,5.84,3.16,5.75
659,Diseño,F,Subvencionado,97.5,4.2,4.88,6.31
660,Data Science,F,Particular,84.4,5.7,5.04,5.39
661,Diseño,No especifica,Particular,94.5,6.5,5.18,3.25
662,Administración,M,Particular,81.3,4.4,6.5,4.33
663,Ingeniería,F,Particular,68.0,5.48,4.74,8.43
664,Data Science,No especifica,Particular,75.8,3.65,4.87,5.77
665,Ingeniería,,Subvencionado,100.6,5.55,3.79,7.74
666,Ingeniería,No especifica,Subvencionado,82.3,5.0,5.9,6.57
667,Data Science,M,Subvencionado,82.6,5.27,5.2,5.19
668,Diseño,No especifica,Subvencionado,82.0,4.15,4.54,5.26
669,Ingeniería,M,Municipal,104.0,3.14,2.9,4.86
670,Administración,F,Subvencionado,101.3,5.3,6.59,2.81
671,Ingeniería,M,Particular,107.2,,3.65,4.92
672,Data Science,,Particular,83.4,4.48,4.35,
673,Data Science,No especifica,Subvencionado,88.0,5.74,5.39,4.18
674,Data Science,M,Particular,69.8,4.99,3.68,
675,Diseño,F,Subvencionado,99.8,6.75,3.36,5.92
676,Ingeniería,F,Particular,73.3,5.83,2.66,3.81
677,Diseño,M,Municipal,87.2,4.15,5.79,4.36
678,Diseño,,Municipal,74.0,4.83,4.4,3.68
679,Data Science,No especifica,Subvencionado,79.1,4.75,8.22,3.91
680,Data Science,F,Subvencionado,76.6,3.22,3.91,
681,Diseño,M,Subvencionado,78.9,3.86,3.99,3.82
682,Ingeniería,F,Particular,79.6,4.24,4.38,6.6
683,Administración,M,Subvencionado,79.5,2.76,5.27,3.8
684,Diseño,M,Municipal,93.3,4.85,4.48,5.05
685,Ingeniería,F,,74.0,4.55,5.67,4.3
686,Data Science,M,Subvencionado,87.2,3.13,3.92,6.31
687,Data Science,M,,97.2,5.2,3.48,6.47
688,Ingeniería,No especifica,Particular,79.9,5.52,3.02,
689,Administración,M,Subvencionado,77.8,5.03,2.55,5.27
690,Data Science,M,Particular,82.7,4.48,4.43,4.62
691,Data Science,M,Municipal,96.8,5.39,4.67,
692,Data Science,No especifica,Municipal,86.9,5.48,4.31,7.23
693,Ingeniería,F,Particular,79.7,5.11,6.37,3.99
694,Diseño,No especifica,,89.8,3.98,6.35,5.7
695,Data Science,No especifica,Particular,74.0,5.08,4.63,6.17
696,Diseño,F,Municipal,91.8,6.0,3.03,4.23
697,Administración,No especifica,Particular,89.1,4.2,4.38,6.15
698,Data Science,F,Particular,81.9,6.9,4.34,5.82
699,Data Science,No especifica,Municipal,76.6,4.27,4.28,6.97
700,Administración,F,Particular,76.1,4.83,4.23,4.34
701,Data Science,M,Particular,90.3,4.13,4.28,3.36
702,Diseño,No especifica,Subvencionado,97.3,5.02,4.57,4.29
703,Ingeniería,No especifica,Subvencionado,78.6,3.06,4.3,5.15
704,Diseño,No especifica,Municipal,89.6,4.25,5.23,4.97
705,Ingeniería,No especifica,Municipal,64.1,3.71,5.4,4.43
706,Ingeniería,M,Municipal,79.2,4.94,,
707,Diseño,No especifica,Subvencionado,84.7,5.79,6.4,5.46
708,Diseño,M,Municipal,75.9,5.45,3.92,7.27
709,Diseño,M,Municipal,75.6,2.43,-0.062466178522054605,5.46
710,Diseño,M,Municipal,78.3,6.84,,5.63
711,Administración,M,Subvencionado,87.9,5.1,4.1,5.59
712,Data Science,,,83.1,4.02,5.35,5.38
713,Ingeniería,F,Municipal,62.6,4.96,2.36,6.02
714,Diseño,No especifica,,63.8,8.28635498484474,6.53,
715,Diseño,F,Municipal,78.9,4.13,5.74,4.52
716,Diseño,F,Particular,89.6,5.0,3.35,3.94
717,Administración,No especifica,Subvencionado,57.5,4.19,3.37,4.6
718,Diseño,No especifica,,80.0,4.4,6.84,
719,Diseño,No especifica,Municipal,79.7,4.11,4.19,4.52
720,Diseño,F,Particular,98.9,3.37,4.08,
721,Data Science,F,Subvencionado,81.1,4.95,2.51,5.43
722,Administración,No especifica,Municipal,88.8,5.39,4.61,5.9
723,Diseño,,Municipal,86.4,5.31,4.75,6.44
724,Ingeniería,No especifica,Subvencionado,63.7,5.62,-0.25791475284565646,4.99
725,Ingeniería,M,Subvencionado,92.7,5.12,3.46,3.33
726,Ingeniería,M,Municipal,87.2,4.27,3.33,4.49
727,Administración,No especifica,Particular,90.1,5.64,5.5,4.95
728,Administración,No especifica,Particular,124.3,3.44,6.11,2.7
729,Ingeniería,No especifica,,64.2,7.909225618145131,3.27,6.57
730,Diseño,F,Municipal,102.2,3.84,6.19,5.07
731,Administración,M,Subvencionado,82.1,5.88,5.04,5.36
732,Ingeniería,F,Municipal,87.9,5.74,6.2,6.54
733,Ingeniería,F,Subvencionado,84.5,5.29,4.92,4.14
734,Diseño,No especifica,,80.8,,2.23,5.59
735,Data Science,F,,79.3,3.92,4.83,4.77
736,Administración,No especifica,Subvencionado,88.3,5.15,6.17,4.68
737,Diseño,M,Subvencionado,69.8,8.959219292205322,,3.97
738,Ingeniería,No especifica,Municipal,92.5,5.65,4.57,6.9
739,Ingeniería,F,,80.8,,4.81,
740,Diseño,,Municipal,73.7,4.42,1.81,5.74
741,Administración,No especifica,Municipal,80.5,,6.84,2.65
742,Data Science,No especifica,Municipal,97.6,5.68,4.01,6.32
743,Data Science,F,Particular,79.6,4.13,5.56,6.16
744,Ingeniería,M,Municipal,88.6,4.74,4.9,5.02
745,Administración,M,,77.7,3.74,6.38,4.63
746,Data Science,No especifica,Municipal,92.6,2.3,5.45,
747,Administración,M,Municipal,91.9,5.0,4.74,7.65
748,Administración,F,Municipal,103.5,5.41,4.02,2.78
749,Ingeniería,No especifica,Municipal,83.2,5.06,5.88,
750,Data Science,F,Particular,91.7,2.85,2.94,3.81
751,Diseño,F,Municipal,86.0,4.45,5.71,4.88
752,Ingeniería,M,Subvencionado,98.0,2.58,3.79,4.6
753,Data Science,No especifica,Municipal,77.8,6.17,6.38,4.39
754,Data Science,No especifica,Municipal,92.5,3.71,5.18,4.89
755,Data Science,M,Particular,83.1,6.06,5.71,3.54
756,Data Science,F,Particular,84.4,5.75,5.09,6.14
757,Data Science,F,Subvencionado,85.9,3.9,3.07,2.75
758,Administración,,Subvencionado,87.5,3.67,4.05,
759,Ingeniería,F,Particular,83.8,5.15,5.74,4.51
760,Administración,,Particular,87.1,3.96,5.18,3.49
761,Diseño,No especifica,Municipal,100.8,4.9,6.3,5.14
762,Data Science,M,Particular,94.9,4.32,5.44,3.03
763,Ingeniería,M,Subvencionado,93.7,3.02,-0.5035319593177306,4.95
764,Data Science,No especifica,Municipal,80.4,2.57,4.12,3.19
765,Ingeniería,No especifica,Subvencionado,76.1,5.03,5.11,5.45
766,Administración,F,Municipal,94.6,4.24,2.45,3.79
767,Ingeniería,F,Particular,93.8,4.25,6.84,4.36
768,Diseño,M,Subvencionado,99.7,5.5,5.49,
769,Diseño,No especifica,Municipal,79.0,5.97,6.35,3.97
770,Ingeniería,M,Municipal,82.7,4.53,3.26,4.83
771,Ingeniería,No especifica,Particular,68.6,4.46,6.37,3.08
772,Ingeniería,,,81.1,,7.45,5.66
773,Ingeniería,M,Particular,95.0,3.44,-0.9514471989917197,7.02
774,Diseño,M,Subvencionado,80.3,5.02,5.85,8.25
775,Data Science,No especifica,Municipal,91.4,5.35,5.0,5.01
776,Ingeniería,F,Particular,83.1,5.48,3.3,5.85
777,Ingeniería,,Subvencionado,88.2,,5.54,2.76
778,Diseño,F,Subvencionado,73.5,4.04,5.92,6.7
779,Diseño,M,Subvencionado,85.9,3.92,4.34,5.83
780,Administración,F,Particular,55.1,4.9,6.28,4.32
781,Ingeniería,No especifica,Particular,83.1,5.28,3.17,6.38
782,Administración,M,Municipal,68.7,6.3,3.36,4.59
783,Diseño,M,Municipal,97.1,4.31,5.15,4.35
784,Diseño,F,Particular,92.8,4.3,,5.47
785,Data Science,F,Subvencionado,89.7,5.95,4.21,3.62
786,Ingeniería,,Subvencionado,100.2,5.1,5.89,
787,Administración,No especifica,Subvencionado,75.5,6.07,5.58,3.63
788,Diseño,F,Municipal,102.5,5.09,5.94,3.64
789,Diseño,,,94.3,3.64,4.86,3.81
790,Administración,F,Municipal,82.6,3.47,5.66,5.81
791,Data Science,,,96.4,3.25,4.51,4.16
792,Diseño,M,Subvencionado,73.9,5.46,7.26,3.28
793,Ingeniería,M,Subvencionado,76.8,5.99,4.11,4.17
794,Diseño,M,Particular,78.9,6.65,7.32,4.86
795,Ingeniería,No especifica,Particular,79.7,5.64,5.04,3.48
796,Administración,No especifica,Subvencionado,74.4,5.96,3.49,3.52
797,Ingeniería,M,Municipal,97.2,4.22,6.5,7.43
798,Administración,No especifica,Municipal,82.4,3.64,,3.87
799,Ingeniería,F,Municipal,88.5,5.65,5.94,4.51
800,Administración,F,Municipal,79.3,5.22,6.35,4.46
801,Ingeniería,F,Municipal,66.8,4.91,-0.6309471606786552,4.39
802,Data Science,M,Particular,87.7,5.19,4.35,5.65
803,Ingeniería,F,Subvencionado,65.9,5.12,6.07,6.04
804,Ingeniería,No especifica,Particular,84.3,6.08,5.0,4.53
805,Data Science,M,Municipal,71.3,6.09,5.75,3.42
806,Diseño,No especifica,Municipal,104.9,5.34,2.63,6.43
807,Diseño,F,Municipal,94.1,5.65,5.49,4.79
808,Ingeniería,F,Municipal,86.1,5.31,4.3,6.98
809,Data Science,F,Subvencionado,97.6,4.34,6.82,2.21
810,Ingeniería,M,Municipal,76.5,5.56,5.69,5.13
811,Administración,No especifica,Subvencionado,90.4,,5.26,7.2
812,Administración,M,,87.0,5.85,5.53,4.48
813,Ingeniería,M,Subvencionado,87.6,3.61,3.9,4.63
814,Diseño,F,Particular,97.7,5.09,-0.023155720501508492,5.25
815,Diseño,M,Municipal,92.3,3.95,7.19,4.23
816,Ingeniería,M,Subvencionado,87.9,5.35,5.43,4.53
817,Ingeniería,F,Particular,68.5,4.77,6.75,4.49
818,Administración,M,Municipal,75.4,3.21,4.37,
819,Diseño,F,Municipal,83.8,5.22,4.12,6.37
820,Ingeniería,F,Municipal,85.9,4.22,5.05,5.45
821,Administración,F,Subvencionado,73.7,5.68,5.48,5.2
822,Diseño,F,Subvencionado,109.1,,0.4366169496758756,
823,Data Science,M,Particular,100.2,5.2,5.59,4.58
824,Administración,F,Subvencionado,91.0,3.84,5.34,3.97
825,Diseño,F,Subvencionado,85.7,4.21,3.9,4.18
826,Diseño,M,Municipal,82.9,4.34,5.57,4.9
827,Administración,,Municipal,75.5,5.66,5.95,3.63
828,Data Science,No especifica,Municipal,85.8,6.48,5.19,4.3
829,Administración,M,Municipal,87.6,3.99,6.27,4.28
830,Diseño,M,Municipal,72.6,5.88,3.66,7.45
831,Ingeniería,No especifica,Municipal,88.3,2.63,5.51,1.57
832,Ingeniería,M,Municipal,83.4,3.61,3.71,4.68
833,Administración,M,Particular,65.9,3.84,3.77,6.97
834,Diseño,M,Particular,76.4,,4.31,5.05
835,Ingeniería,M,Particular,80.9,3.22,3.96,5.8
836,Diseño,No especifica,,103.9,5.21,4.4,5.02
837,Administración,M,Municipal,90.6,4.59,4.76,4.1
838,Ingeniería,M,,71.6,5.18,5.92,2.21
839,Diseño,No especifica,Municipal,89.9,5.49,4.65,5.15
840,Ingeniería,F,Particular,69.5,5.07,,
841,Administración,No especifica,,95.8,5.46,6.25,3.94
842,Diseño,F,Particular,80.3,4.73,4.08,4.3
843,Ingeniería,No especifica,Particular,84.1,3.61,4.94,6.99
844,Administración,No especifica,Municipal,98.3,5.86,5.49,7.79
845,Ingeniería,M,Particular,72.1,4.21,5.22,5.16
846,Ingeniería,F,Subvencionado,71.0,3.86,6.2,4.34
847,Data Science,M,Municipal,79.2,4.62,5.53,3.49
848,Data Science,F,Municipal,95.4,3.89,4.05,5.46
849,Administración,No especifica,Particular,69.8,4.38,7.4,7.04
850,Data Science,,Municipal,56.7,5.14,5.21,4.6
851,Administración,F,Municipal,80.5,,4.84,2.05
852,Data Science,,Municipal,90.5,3.9,6.06,5.7
853,Ingeniería,M,Municipal,97.0,4.31,5.27,6.08
854,Administración,,Municipal,80.4,5.87,5.44,3.0
855,Administración,M,Municipal,80.9,5.3,7.74,5.11
856,Ingeniería,No especifica,Subvencionado,96.5,6.88,4.7,5.44
857,Administración,No especifica,,66.3,5.98,4.65,4.81
858,Administración,No especifica,Subvencionado,81.1,5.94,5.13,3.95
859,Data Science,No especifica,Municipal,86.9,3.41,6.18,6.12
860,Administración,No especifica,Municipal,89.5,,,4.42
861,Diseño,M,Particular,79.9,4.75,2.84,3.12
862,Ingeniería,M,Subvencionado,85.3,4.25,4.35,2.44
863,Data Science,M,Particular,60.1,4.97,3.2,6.41
864,Data Science,M,Subvencionado,78.4,,4.53,
865,Diseño,No especifica,Municipal,89.5,5.3,5.55,5.01
866,Ingeniería,No especifica,Particular,75.2,3.92,4.02,4.37
867,Ingeniería,No especifica,Particular,85.6,5.54,3.43,4.27
868,Data Science,,Municipal,89.5,4.16,5.08,3.61
869,Administración,M,Particular,81.6,5.02,5.95,4.38
870,Data Science,M,Subvencionado,86.7,4.5,3.14,2.36
871,Ingeniería,No especifica,Subvencionado,75.4,4.58,5.9,4.02
872,Diseño,M,Subvencionado,82.9,5.57,,4.53
873,Data Science,M,Subvencionado,91.1,3.76,6.05,5.63
874,Ingeniería,No especifica,Municipal,86.6,6.75,6.34,4.85
875,Data Science,F,Particular,79.1,2.98,7.42,5.85
876,Administración,F,Subvencionado,87.2,4.2,4.61,6.52
877,Data Science,F,Municipal,92.1,5.17,5.12,6.17
878,Data Science,No especifica,Particular,64.5,5.38,4.54,5.46
879,Ingeniería,M,Particular,96.6,,0.2684646805794806,
880,Ingeniería,No especifica,Municipal,81.6,4.74,6.69,3.72
881,Ingeniería,No especifica,Municipal,89.3,,,5.79
882,Data Science,M,Subvencionado,97.0,4.57,4.05,6.92
883,Administración,,Particular,71.3,,6.51,5.31
884,Diseño,F,Particular,77.9,5.64,,7.2
885,Diseño,No especifica,Municipal,82.1,,,3.07
886,Ingeniería,F,Particular,77.2,3.83,5.94,3.52
887,Ingeniería,No especifica,Subvencionado,102.3,4.72,5.38,
888,Data Science,No especifica,Particular,76.4,4.5,6.65,5.22
889,Diseño,M,Municipal,79.4,3.79,5.08,6.48
890,Ingeniería,M,Municipal,87.0,5.16,6.13,
891,Administración,M,Subvencionado,73.0,4.26,7.91,3.86
892,Administración,No especifica,Subvencionado,81.0,5.46,5.66,4.64
893,Ingeniería,M,Particular,88.2,3.73,5.05,3.06
894,Ingeniería,F,Particular,81.7,6.52,5.79,3.55
895,Diseño,F,Municipal,84.1,3.9,,6.07
896,Diseño,No especifica,Subvencionado,79.7,5.02,7.63,5.95
897,Data Science,No especifica,Subvencionado,69.9,5.59,5.2,5.34
898,Diseño,M,Subvencionado,88.2,4.23,4.7,2.83
899,Administración,No especifica,Particular,102.5,5.65,4.08,4.47
900,Administración,No especifica,Subvencionado,85.2,,6.21,3.43
901,Ingeniería,F,Municipal,87.3,6.25,5.95,6.31
902,Diseño,F,Municipal,91.9,4.81,4.45,4.2
903,Data Science,M,Particular,72.3,4.2,5.63,3.6
904,Administración,No especifica,Particular,102.0,4.5,3.34,4.94
905,Administración,No especifica,Subvencionado,87.0,5.61,5.2,4.13
906,Data Science,F,Particular,101.3,,5.5,6.68
907,Data Science,No especifica,Municipal,77.7,4.05,6.88,4.02
908,Administración,F,Subvencionado,103.2,4.58,4.15,3.22
909,Administración,M,Municipal,92.8,3.62,3.59,2.32
910,Data Science,F,Subvencionado,90.5,6.62,4.02,
911,Administración,No especifica,Particular,87.3,,3.53,4.23
912,Ingeniería,M,Subvencionado,82.5,5.63,6.47,3.19
913,Ingeniería,F,Subvencionado,97.0,5.01,6.7,6.33
914,Data Science,F,Municipal,86.4,3.82,5.35,5.7
915,Diseño,M,Municipal,65.3,4.79,6.34,4.87
916,Data Science,M,Subvencionado,73.8,5.58,5.15,6.54
917,Data Science,F,Particular,83.1,4.61,4.9,5.7
918,Diseño,No especifica,Particular,88.1,5.99,4.63,3.91
919,Diseño,F,Municipal,84.4,5.82,,3.65
920,Diseño,M,Particular,97.2,8.426457075815318,3.3,5.88
921,Ingeniería,F,Municipal,65.5,4.34,5.29,5.38
922,Administración,M,Particular,86.4,3.72,4.96,5.1
923,Ingeniería,M,Subvencionado,66.8,4.19,5.82,3.88
924,Administración,No especifica,Municipal,92.6,5.0,5.1,5.63
925,Ingeniería,M,Municipal,84.1,5.35,4.82,3.99
926,Administración,M,Subvencionado,89.2,2.63,,4.78
927,Ingeniería,,Municipal,76.4,4.79,5.08,6.64
928,Diseño,M,Particular,97.8,4.96,5.81,4.11
929,Data Science,No especifica,Particular,95.4,4.52,3.74,3.01
930,Ingeniería,No especifica,Municipal,90.8,6.09,5.1,3.64
931,Administración,M,Particular,83.7,5.22,5.26,6.09
932,Diseño,M,Municipal,90.8,6.11,4.21,5.21
933,Ingeniería,F,Subvencionado,77.9,4.58,4.35,4.75
934,Ingeniería,No especifica,Municipal,93.6,5.74,5.25,4.29
935,Diseño,,,101.5,6.44,3.75,5.48
936,Ingeniería,M,Particular,95.7,6.11,5.38,3.88
937,Data Science,F,Subvencionado,77.7,3.71,4.02,5.27
938,Ingeniería,No especifica,Particular,88.6,4.55,6.17,4.02
939,Data Science,F,Municipal,72.1,4.45,7.57,3.82
940,Data Science,No especifica,Particular,90.7,5.29,,4.14
941,Diseño,M,Municipal,89.5,5.49,5.59,4.45
942,Ingeniería,M,Municipal,66.3,3.96,,4.84
943,Diseño,No especifica,Subvencionado,73.4,4.87,6.15,5.18
944,Ingeniería,,Subvencionado,82.2,2.78,3.61,0.47
945,Ingeniería,M,Subvencionado,82.0,6.24,-0.8378160890559078,3.93
946,Administración,M,Subvencionado,72.9,4.29,4.04,4.43
947,Ingeniería,M,Particular,88.9,,4.77,6.71
948,Diseño,No especifica,Particular,87.5,4.49,3.87,3.6
949,Data Science,F,Particular,83.1,5.95,5.9,5.1
950,Ingeniería,F,Municipal,77.4,1.96,4.08,6.69
951,Administración,M,Particular,95.5,4.78,5.61,3.32
952,Diseño,F,Particular,101.6,4.69,4.62,
953,Ingeniería,F,Particular,80.2,4.35,4.87,
954,Diseño,M,Subvencionado,78.9,6.53,5.16,
955,Administración,M,Particular,89.9,3.91,4.16,3.94
956,Administración,,Municipal,81.4,5.57,5.23,4.02
957,Diseño,No especifica,Subvencionado,83.6,5.16,6.68,8.17
958,Ingeniería,M,Municipal,92.4,6.06,4.14,5.91
959,Data Science,No especifica,Particular,65.9,4.13,6.29,6.22
960,Administración,,Subvencionado,98.2,4.07,6.65,5.49
961,Ingeniería,M,Municipal,85.7,,4.1,2.97
962,Ingeniería,No especifica,Particular,80.9,5.23,3.4,5.37
963,Data Science,M,Municipal,84.1,3.26,5.33,6.19
964,Administración,F,Municipal,84.6,4.26,4.4,3.88
965,Administración,No especifica,,67.7,5.19,7.06,6.06
966,Ingeniería,F,Particular,99.9,5.64,5.04,5.75
967,Ingeniería,F,Particular,85.4,4.12,,7.12
968,Data Science,M,Municipal,89.4,1.89,3.74,
969,Data Science,No especifica,Subvencionado,94.5,5.32,6.2,3.58
970,Administración,F,Subvencionado,74.8,3.58,4.37,4.47
971,Diseño,F,Particular,89.7,2.78,5.05,6.62
972,Administración,No especifica,Particular,82.3,1.97,6.05,2.71
973,Ingeniería,F,Particular,93.5,5.61,4.47,2.42
974,Administración,F,,63.7,4.93,4.95,5.01
975,Diseño,No especifica,Particular,84.0,4.57,4.98,4.37
976,Data Science,No especifica,,79.0,6.19,5.75,
977,Diseño,No especifica,Particular,89.3,5.44,5.65,6.03
978,Diseño,No especifica,Municipal,89.7,,4.76,4.24
979,Diseño,M,Municipal,77.9,3.41,5.07,2.65
980,Data Science,No especifica,Subvencionado,77.9,4.77,4.59,7.35
981,Diseño,M,Municipal,83.9,3.18,3.37,3.7
982,Diseño,M,Subvencionado,76.0,4.57,5.28,3.63
983,Diseño,M,Subvencionado,93.4,4.55,7.08,6.22
984,Ingeniería,F,Municipal,81.3,5.43,4.03,4.44
985,Diseño,M,Particular,55.9,4.85,4.15,4.82
986,Data Science,M,Municipal,81.3,,4.04,5.48
987,Diseño,F,,74.6,5.5,5.8,6.2
988,Diseño,F,Subvencionado,68.7,6.95,5.49,4.5
989,Data Science,F,Municipal,72.6,4.48,4.83,6.72
990,Diseño,No especifica,Subvencionado,86.1,3.86,3.99,2.34
991,Data Science,F,Particular,98.3,8.94425494986421,5.1,5.81
992,Diseño,F,Particular,88.1,,3.28,3.89
993,Data Science,M,Particular,78.9,6.28,5.16,6.55
994,Diseño,F,Municipal,89.6,4.52,5.96,5.07
995,Diseño,No especifica,Subvencionado,80.4,4.23,3.62,4.09
996,Ingeniería,F,Particular,78.1,4.33,3.31,5.7
997,Ingeniería,No especifica,Subvencionado,73.5,5.52,6.74,5.97
998,Diseño,,Subvencionado,67.5,4.64,4.33,5.67
999,Diseño,F,Particular,81.1,4.16,6.25,3.66
1000,Administración,F,Particular,86.6,6.47,4.83,4.32
1001,Data Science,F,Subvencionado,84.0,3.94,4.82,4.9
1002,Administración,No especifica,Particular,80.8,4.84,5.48,4.85
1003,Ingeniería,,,75.5,5.45,4.03,5.8
1004,Ingeniería,M,Subvencionado,91.1,3.17,5.15,2.48
1005,Ingeniería,No especifica,Particular,71.8,5.28,4.58,5.3
1006,Ingeniería,F,Municipal,92.8,3.74,3.55,4.55
1007,Diseño,M,,75.0,5.62,5.37,3.89
1008,Ingeniería,M,,77.5,3.84,4.71,4.01
1009,Diseño,M,,70.3,5.49,4.83,4.64
1010,Diseño,F,Subvencionado,80.0,,3.67,0.58
1011,Ingeniería,,Municipal,94.8,5.66,,4.06
1012,Ingeniería,F,Subvencionado,90.2,5.05,5.96,3.85
1013,Data Science,M,Municipal,94.8,4.57,6.06,5.54
1014,Administración,F,Municipal,90.2,4.22,4.66,3.93
1015,Ingeniería,,Subvencionado,74.0,6.27,3.1,4.64
1016,Data Science,No especifica,,81.7,4.1,7.15,6.75
1017,Data Science,No especifica,Particular,77.2,3.76,4.93,6.09
1018,Administración,M,Particular,98.3,5.47,,5.98
1019,Diseño,F,Subvencionado,73.0,4.0,5.46,4.3
1020,Ingeniería,F,Subvencionado,93.9,3.85,6.28,5.55
1021,Administración,No especifica,Municipal,93.9,3.36,4.97,4.62
1022,Ingeniería,F,Municipal,103.3,4.32,6.41,4.66
1023,Data Science,F,Municipal,80.9,4.72,6.19,5.39
1024,Data Science,F,Municipal,92.1,5.04,3.82,4.18
1025,Diseño,No especifica,Particular,107.8,5.75,4.26,6.69
1026,Data Science,M,Particular,78.8,5.33,6.05,4.71
1027,Data Science,M,Subvencionado,69.6,4.61,2.02,5.64
1028,Administración,F,Municipal,66.2,4.6,4.84,6.65
1029,Ingeniería,M,Municipal,92.1,,3.43,6.14
1030,Ingeniería,No especifica,,66.2,6.07,4.48,3.21
1031,Administración,No especifica,Municipal,81.3,4.93,4.67,5.43
1032,Diseño,M,Municipal,89.4,4.33,4.61,5.92
1033,Ingeniería,M,Municipal,86.9,,4.39,5.97
1034,Data Science,F,Municipal,89.3,3.35,3.79,3.56
1035,Ingeniería,M,Municipal,87.2,5.47,7.52,4.11
1036,Data Science,F,Subvencionado,97.8,5.38,7.05,6.09
1037,Diseño,F,Municipal,75.5,5.38,3.72,3.99
1038,Administración,No especifica,Subvencionado,78.2,4.67,6.74,4.54
1039,Ingeniería,No especifica,Municipal,77.3,6.21,4.56,6.79
1040,Administración,No especifica,,93.3,4.32,5.14,4.84
1041,Ingeniería,No especifica,Particular,94.0,,4.93,4.03
1042,Data Science,M,Particular,89.5,4.76,4.27,3.85
1043,Administración,No especifica,Particular,96.8,4.19,,5.3
1044,Ingeniería,M,Subvencionado,73.2,,5.14,3.3
1045,Data Science,No especifica,Subvencionado,101.7,5.21,4.48,4.6
1046,Administración,M,Municipal,100.2,5.16,3.56,5.3
1047,Administración,F,Particular,92.4,4.88,4.02,6.46
1048,Ingeniería,M,Subvencionado,102.8,4.76,3.19,5.7
1049,Ingeniería,M,Municipal,68.4,7.19,5.01,4.04
1050,Ingeniería,No especifica,Municipal,79.8,,3.68,6.31
1051,Data Science,M,Subvencionado,77.6,5.52,4.71,4.54
1052,Ingeniería,F,Particular,92.2,4.91,6.51,
1053,Administración,F,Municipal,74.5,5.81,6.32,4.69
1054,Administración,No especifica,Particular,92.6,5.32,4.96,6.63
1055,Ingeniería,F,Particular,98.7,4.83,4.9,5.1
1056,Ingeniería,,Particular,92.0,4.5,,4.92
1057,Diseño,F,Municipal,87.8,4.72,5.57,6.86
1058,Administración,No especifica,Particular,75.1,1.63,4.64,3.18
1059,Data Science,,Municipal,76.5,5.01,3.43,3.36
1060,Diseño,No especifica,Particular,97.5,4.31,-0.6802322061650752,2.96
1061,Ingeniería,M,Municipal,92.8,6.39,5.91,5.35
1062,Ingeniería,F,Particular,84.6,4.82,4.31,5.1
1063,Administración,No especifica,Subvencionado,80.8,3.61,5.32,6.75
1064,Ingeniería,No especifica,,64.7,4.75,4.6,
1065,Data Science,M,Particular,74.3,3.75,,4.42
1066,Administración,No especifica,,104.1,5.27,2.26,4.9
1067,Ingeniería,M,Municipal,72.2,5.09,4.76,5.04
1068,Administración,M,Particular,86.9,5.76,6.07,2.89
1069,Ingeniería,M,Subvencionado,95.1,4.01,4.31,8.15
1070,Ingeniería,M,,72.5,4.83,5.06,5.52
1071,Ingeniería,F,Municipal,86.8,3.43,4.17,5.15
1072,Data Science,M,,94.4,5.5,5.4,5.64
1073,Data Science,No especifica,Particular,85.1,5.32,4.76,5.75
1074,Administración,F,Municipal,113.7,5.3,,4.73
1075,Ingeniería,No especifica,Particular,68.3,4.8,,4.14
1076,Ingeniería,F,Municipal,95.6,5.21,6.02,5.62
1077,Data Science,,Municipal,83.3,6.4,4.33,5.36
1078,Ingeniería,F,Municipal,92.7,4.51,5.55,3.93
1079,Data Science,,Municipal,89.4,4.94,5.59,6.6
1080,Ingeniería,No especifica,Subvencionado,77.7,3.71,5.71,5.25
1081,Administración,No especifica,Particular,87.3,3.93,,5.78
1082,Ingeniería,M,Particular,66.4,4.9,6.11,6.57
1083,Ingeniería,F,Particular,91.0,5.9,4.37,4.93
1084,Diseño,F,Municipal,88.0,4.54,4.61,5.28
1085,Data Science,,Subvencionado,91.4,,7.9,5.87
1086,Ingeniería,M,Particular,95.6,4.39,5.33,4.03
1087,Ingeniería,M,Subvencionado,88.7,4.27,4.58,4.96
1088,Diseño,M,Municipal,86.5,5.09,2.57,5.05
1089,Diseño,M,Particular,76.2,3.3,6.53,3.75
1090,Data Science,,Subvencionado,77.9,6.08,3.52,7.68
1091,Diseño,No especifica,Municipal,96.9,4.13,3.9,3.21
1092,Administración,,Subvencionado,99.4,5.52,4.64,3.34
1093,Diseño,F,Particular,82.6,3.53,6.56,6.48
1094,Administración,F,Particular,85.5,5.47,5.85,5.76
1095,Data Science,F,Municipal,76.0,5.47,4.83,3.67
1096,Data Science,F,Municipal,96.7,5.18,5.34,5.63
1097,Data Science,F,Municipal,91.7,8.401016884432808,,6.66
1098,Data Science,F,Subvencionado,104.4,5.05,5.15,4.86
1099,Data Science,F,Subvencionado,76.2,3.62,,8.02
1100,Administración,No especifica,Subvencionado,81.2,4.55,6.07,2.83
1101,Administración,F,Municipal,87.3,5.83,6.06,5.73
1102,Data Science,No especifica,Particular,91.5,5.6,5.54,6.3
1103,Diseño,M,,82.8,4.82,,5.97
1104,Ingeniería,F,Subvencionado,76.3,3.83,5.82,4.65
1105,Data Science,M,Subvencionado,93.8,5.45,4.9,4.55
1106,Diseño,M,Particular,92.2,4.82,3.81,5.43
1107,Ingeniería,M,Particular,75.8,2.48,4.56,5.88
1108,Data Science,No especifica,Subvencionado,98.6,5.58,,5.62
1109,Data Science,M,Subvencionado,96.7,4.78,6.0,6.15
1110,Administración,M,Particular,86.3,8.921941375127092,4.8,3.68
1111,Ingeniería,M,Municipal,85.8,3.7,,4.63
1112,Ingeniería,F,Subvencionado,90.5,1.62,5.06,3.77
1113,Diseño,F,Particular,76.4,5.08,5.12,4.44
1114,Administración,No especifica,Particular,85.3,5.09,5.2,
1115,Administración,No especifica,Particular,63.5,3.11,6.01,5.03
1116,Administración,F,Particular,93.8,3.82,6.12,8.03
1117,Administración,No especifica,Municipal,69.4,7.56,4.35,5.13
1118,Ingeniería,F,Particular,100.0,,4.32,
1119,Ingeniería,M,Subvencionado,81.7,,3.86,5.03
1120,Data Science,M,Municipal,82.9,4.15,5.77,4.13
1121,Data Science,No especifica,Particular,78.7,2.71,6.59,4.83
1122,Administración,F,Municipal,82.1,4.63,4.65,6.25
1123,Administración,F,Subvencionado,99.2,4.53,4.73,5.04
1124,Administración,No especifica,Particular,60.1,4.4,6.61,3.95
1125,Data Science,F,Subvencionado,97.8,4.69,5.56,
1126,Diseño,M,Particular,88.4,5.06,5.48,4.36
1127,Diseño,No especifica,Particular,72.9,4.65,3.69,4.99
1128,Data Science,No especifica,Particular,74.2,3.54,5.75,6.33
1129,Data Science,,Particular,101.8,5.29,3.98,3.29
1130,Data Science,No especifica,Particular,75.5,2.85,,4.52
1131,Data Science,F,Municipal,73.5,2.75,4.62,5.07
1132,Data Science,F,Particular,96.4,5.54,4.36,2.7
1133,Data Science,F,Particular,88.4,,4.76,3.9
1134,Administración,F,Municipal,75.6,4.74,3.41,4.08
1135,Administración,F,Municipal,87.2,3.4,6.05,
1136,Administración,No especifica,Municipal,74.7,4.09,6.24,5.13
1137,Administración,M,,96.0,4.54,,4.71
1138,Data Science,M,Municipal,95.6,3.2,6.08,4.23
1139,Diseño,No especifica,Municipal,90.3,4.06,4.11,5.41
1140,Ingeniería,,Particular,88.6,5.45,5.94,6.97
1141,Data Science,M,Particular,102.6,6.23,4.92,6.87
1142,Ingeniería,M,Subvencionado,85.0,4.38,5.03,
1143,Diseño,M,Particular,73.2,5.56,,
1144,Administración,M,Particular,89.5,2.89,6.33,4.69
1145,Diseño,M,Municipal,105.9,5.46,3.64,5.09
1146,Data Science,F,Municipal,74.9,4.0,5.67,4.42
1147,Administración,No especifica,Particular,81.4,5.11,,5.04
1148,Data Science,F,Subvencionado,89.2,,5.79,5.08
1149,Administración,M,Municipal,84.5,6.12,7.56,4.21
1150,Ingeniería,M,Particular,75.2,3.93,,3.82
1151,Ingeniería,M,Particular,96.2,5.43,6.05,4.36
1152,Ingeniería,F,Subvencionado,108.2,,4.88,5.18
1153,Diseño,F,Subvencionado,87.0,4.64,6.36,5.62
1154,Data Science,M,Municipal,76.0,4.62,4.99,5.92
1155,Diseño,F,Subvencionado,69.5,3.95,4.57,4.31
1156,Ingeniería,F,Particular,87.6,4.79,6.44,5.24
1157,Data Science,M,Particular,96.0,7.835140975124504,4.46,6.06
1158,Ingeniería,F,Subvencionado,89.8,5.04,3.45,6.3
1159,Diseño,No especifica,Subvencionado,85.0,4.88,4.43,4.83
1160,Diseño,No especifica,Subvencionado,79.1,5.6,5.68,4.63
1161,Diseño,No especifica,Subvencionado,74.1,5.72,6.53,5.13
1162,Ingeniería,No especifica,Municipal,93.3,3.75,5.12,3.52
1163,Data Science,M,Subvencionado,94.1,5.67,6.45,
1164,Data Science,,Municipal,69.5,3.61,3.51,5.79
1165,Ingeniería,M,Particular,100.9,5.39,4.51,
1166,Data Science,No especifica,Subvencionado,90.7,5.42,4.68,4.58
1167,Ingeniería,No especifica,Municipal,99.0,2.89,4.87,5.16
1168,Data Science,F,Subvencionado,71.6,4.89,5.09,3.91
1169,Administración,F,Particular,71.3,4.33,5.76,5.74
1170,Administración,No especifica,Particular,83.5,4.04,4.51,4.81
1171,Diseño,No especifica,Particular,90.0,6.15,5.15,4.57
1172,Administración,No especifica,Subvencionado,103.0,4.15,4.95,4.47
1173,Administración,No especifica,Subvencionado,92.1,3.99,-0.07122433222322355,4.82
1174,Administración,F,Municipal,82.6,4.88,4.87,4.36
1175,Ingeniería,No especifica,Particular,74.7,5.49,4.84,5.69
1176,Administración,F,Subvencionado,97.3,4.66,4.82,4.43
1177,Administración,No especifica,Particular,75.4,5.97,,6.81
1178,Diseño,No especifica,Particular,101.3,5.33,5.08,6.66
1179,Administración,No especifica,Municipal,82.2,2.62,,3.83
1180,Administración,F,Municipal,100.9,4.27,6.4,4.98
1181,Data Science,F,Municipal,91.8,,3.71,4.12
1182,Diseño,M,Municipal,83.6,5.28,4.21,4.51
1183,Diseño,No especifica,Particular,79.8,2.18,8.06,7.3
1184,Diseño,M,Municipal,81.6,7.35,3.86,
1185,Diseño,M,Municipal,89.3,5.33,3.51,5.33
1186,Diseño,F,Municipal,85.8,4.95,5.81,5.55
1187,Diseño,F,Municipal,79.1,5.98,2.72,3.7
1188,Ingeniería,M,Particular,83.3,7.14,4.74,3.87
1189,Administración,No especifica,,85.8,5.67,7.36,3.45
1190,Diseño,F,Particular,63.7,5.75,-0.7049007003577294,
1191,Administración,No especifica,Subvencionado,89.6,4.93,2.82,1.48
1192,Administración,No especifica,Particular,75.2,4.66,3.35,5.55
1193,Ingeniería,M,Particular,73.5,4.32,5.99,7.37
1194,Diseño,M,Municipal,68.1,,6.24,5.08
1195,Data Science,,Subvencionado,67.1,4.11,4.44,3.2
1196,Ingeniería,M,Subvencionado,71.4,3.45,5.75,4.13
1197,Data Science,F,Subvencionado,77.9,4.72,6.53,4.35
1198,Administración,F,Subvencionado,104.5,,,3.68
1199,Administración,M,Particular,79.7,4.99,4.73,5.93
1200,Ingeniería,F,Subvencionado,86.8,4.76,2.47,
1201,Ingeniería,M,Particular,89.0,,4.1,3.51
1202,Data Science,No especifica,Particular,86.3,4.28,4.53,5.77
1203,Diseño,No especifica,Particular,84.2,7.88,4.72,6.73
1204,Data Science,No especifica,Subvencionado,73.0,6.16,4.79,7.18
1205,Ingeniería,M,Municipal,99.5,3.56,6.23,8.34
1206,Data Science,No especifica,,103.1,5.03,6.4,3.82
1207,Ingeniería,F,Subvencionado,68.2,4.19,4.81,8.29
1208,Data Science,No especifica,Municipal,74.8,3.79,6.21,4.47
1209,Ingeniería,No especifica,Municipal,82.2,3.46,5.39,4.19
1210,Ingeniería,No especifica,Particular,75.4,5.23,5.07,5.29
1211,Ingeniería,F,Particular,90.1,4.12,6.0,4.2
1212,Diseño,M,,77.7,5.77,,
1213,Data Science,F,Subvencionado,106.7,5.79,7.26,3.32
1214,Data Science,M,Municipal,96.9,6.17,,4.61
1215,Data Science,M,Particular,87.1,7.61883980682138,4.43,6.44
1216,Ingeniería,,Subvencionado,95.3,5.28,4.86,4.83
1217,Data Science,M,Subvencionado,96.1,5.43,5.48,5.07
1218,Data Science,F,Subvencionado,79.4,4.33,6.39,
1219,Ingeniería,,Subvencionado,76.8,4.03,4.97,6.3
1220,Administración,M,Subvencionado,85.8,6.41,3.44,2.91
1221,Ingeniería,No especifica,Subvencionado,93.6,5.03,5.93,5.6
1222,Data Science,No especifica,Municipal,86.4,5.44,5.83,4.58
1223,Ingeniería,F,Particular,69.2,3.98,2.86,5.1
1224,Administración,No especifica,Particular,77.0,3.58,5.0,
1225,Ingeniería,M,Subvencionado,84.3,,3.25,3.47
1226,Data Science,M,Particular,84.2,4.68,,3.68
1227,Administración,F,Particular,104.7,3.74,,2.58
1228,Diseño,M,Particular,71.1,4.79,5.89,4.24
1229,Data Science,F,Subvencionado,90.1,3.11,5.13,6.5
1230,Administración,M,Subvencionado,99.9,3.68,3.59,4.76
1231,Administración,F,Particular,107.7,5.47,5.97,3.29
1232,Diseño,,Particular,81.0,5.4,3.42,4.32
1233,Ingeniería,M,Subvencionado,89.9,4.41,5.36,3.11
1234,Ingeniería,M,Municipal,90.7,3.78,,3.55
1235,Data Science,F,Particular,87.0,3.77,4.6,5.37
1236,Diseño,F,Municipal,84.0,4.43,5.55,3.49
1237,Ingeniería,M,,89.4,5.44,5.57,6.24
1238,Diseño,F,Municipal,59.7,5.73,6.47,4.81
1239,Ingeniería,M,Municipal,91.8,4.3,4.91,5.0
1240,Administración,No especifica,Municipal,86.3,3.65,5.34,4.57
1241,Ingeniería,F,Subvencionado,82.8,5.07,4.52,5.83
1242,Diseño,M,Municipal,105.5,3.98,5.2,5.84
1243,Administración,No especifica,Municipal,78.3,,,5.3
1244,Administración,No especifica,Municipal,81.0,6.13,,5.58
1245,Administración,,Particular,104.9,5.63,3.02,4.65
1246,Diseño,F,Municipal,76.7,4.96,5.36,5.55
1247,Data Science,M,Particular,79.5,3.53,5.4,4.49
1248,Data Science,No especifica,Municipal,83.5,5.01,,4.9
1249,Data Science,M,,93.4,5.86,3.59,4.57
1250,Diseño,F,Subvencionado,87.1,4.42,6.62,4.35
1251,Administración,No especifica,Particular,72.1,6.15,5.54,4.07
1252,Data Science,M,Municipal,79.7,6.09,4.75,5.46
1253,Diseño,F,Particular,78.9,6.46,-0.4955551880953636,6.47
1254,Data Science,No especifica,,84.2,5.11,4.1,6.31
1255,Ingeniería,F,Subvencionado,89.3,5.39,6.43,3.39
1256,Data Science,No especifica,Subvencionado,89.2,6.21,5.15,6.45
1257,Data Science,M,Subvencionado,67.2,5.25,4.39,
1258,Administración,F,Subvencionado,95.6,4.3,5.56,5.62
1259,Diseño,No especifica,Subvencionado,87.5,,4.1,
1260,Administración,F,Subvencionado,98.8,5.04,6.65,5.07
1261,Administración,F,Subvencionado,89.4,3.51,6.49,5.28
1262,Administración,M,Subvencionado,96.0,4.66,4.49,3.12
1263,Administración,F,Municipal,89.7,5.9,4.31,5.63
1264,Administración,No especifica,Particular,98.5,2.61,2.12,6.52
1265,Data Science,No especifica,Subvencionado,90.2,6.33,3.37,4.69
1266,Administración,No especifica,Subvencionado,84.0,5.92,3.53,6.53
1267,Administración,No especifica,Particular,107.7,4.34,5.15,4.67
1268,Diseño,M,Municipal,93.9,5.34,4.64,5.92
1269,Ingeniería,F,Particular,90.7,4.8,,2.24
1270,Data Science,,Particular,72.2,6.03,4.69,7.8
1271,Data Science,F,Subvencionado,72.1,,5.56,6.69
1272,Data Science,F,Particular,87.9,3.4,,4.56
1273,Administración,F,Particular,86.5,,2.91,
1274,Administración,M,Subvencionado,78.9,4.59,4.86,5.25
1275,Administración,F,Subvencionado,86.4,4.88,3.48,3.17
1276,Diseño,M,Subvencionado,100.9,4.07,5.99,5.43
1277,Ingeniería,No especifica,Subvencionado,92.0,6.55,,5.39
1278,Administración,No especifica,Particular,73.6,5.84,4.01,3.77
1279,Ingeniería,F,Particular,83.9,4.06,4.16,6.25
1280,Diseño,M,Municipal,77.0,3.47,,5.87
1281,Data Science,No especifica,Municipal,81.1,4.41,2.52,6.07
1282,Administración,M,Particular,80.9,5.23,5.37,4.91
1283,Ingeniería,M,Municipal,80.2,5.04,4.7,3.2
1284,Ingeniería,F,Particular,72.4,8.547236466029767,,6.07
1285,Administración,No especifica,Municipal,83.7,5.59,0.23878313128917816,4.58
1286,Data Science,F,Subvencionado,79.4,5.77,4.32,3.23
1287,Data Science,F,Municipal,55.7,5.13,3.34,6.52
1288,Data Science,,,105.5,,3.9,
1289,Diseño,No especifica,Subvencionado,95.9,4.6,3.7,4.85
1290,Ingeniería,M,Subvencionado,81.2,,6.1,7.49
1291,Ingeniería,No especifica,Subvencionado,85.2,4.75,4.23,5.01
1292,Ingeniería,,Municipal,73.3,,5.14,4.44
1293,Diseño,M,Particular,102.0,4.48,4.58,4.14
1294,Ingeniería,M,Subvencionado,104.0,3.77,3.6,6.86
1295,Diseño,No especifica,Municipal,86.6,4.68,4.81,
1296,Data Science,,Subvencionado,95.2,5.11,5.66,5.78
1297,Administración,M,Municipal,86.8,4.14,3.67,4.23
1298,Ingeniería,F,Municipal,71.6,4.56,5.89,4.35
1299,Ingeniería,F,Municipal,80.9,3.86,4.07,
1300,Data Science,No especifica,Particular,86.3,5.92,4.47,4.44
1301,Administración,F,,80.5,4.51,,
1302,Diseño,F,Municipal,82.8,6.25,4.27,6.26
1303,Administración,,Particular,84.1,6.33,5.04,6.82
1304,Data Science,M,Particular,84.2,4.72,4.65,5.67
1305,Data Science,F,Municipal,85.5,3.79,5.14,4.11
1306,Administración,No especifica,Particular,74.4,2.71,2.38,4.29
1307,Diseño,,Subvencionado,77.8,3.33,2.99,5.0
1308,Diseño,,Subvencionado,72.2,,-0.7398070028277807,5.29
1309,Ingeniería,M,Particular,94.8,6.18,6.14,3.71
1310,Diseño,F,Particular,63.9,4.92,4.0,5.77
1311,Administración,No especifica,Municipal,96.5,5.19,4.73,5.0
1312,Data Science,F,,98.9,2.58,5.32,2.84
1313,Ingeniería,M,Municipal,82.0,3.6,5.76,3.79
1314,Ingeniería,M,Subvencionado,59.0,5.69,2.77,4.3
1315,Data Science,No especifica,Particular,81.4,5.09,4.03,4.81
1316,Diseño,M,Municipal,84.4,,4.63,7.17
1317,Data Science,F,,74.9,5.36,5.77,5.19
1318,Diseño,M,Subvencionado,79.8,6.44,7.75,3.89
1319,Data Science,,Particular,100.3,4.58,4.75,5.16
1320,Administración,M,Subvencionado,91.6,4.87,3.45,4.48
1321,Diseño,M,Municipal,75.8,4.99,5.44,5.29
1322,Administración,M,Municipal,69.0,7.19,6.45,5.6
1323,Ingeniería,No especifica,Particular,81.7,2.7,5.12,6.35
1324,Data Science,M,Municipal,82.9,5.48,4.0,4.87
1325,Ingeniería,M,Particular,90.0,4.69,6.05,6.87
1326,Ingeniería,F,Subvencionado,79.6,5.37,5.73,5.99
1327,Ingeniería,No especifica,Particular,90.1,4.14,3.87,4.05
1328,Ingeniería,M,Particular,104.4,4.75,5.42,7.55
1329,Data Science,No especifica,,93.2,5.51,6.1,5.29
1330,Ingeniería,M,Municipal,84.5,7.91,6.3,3.9
1331,Data Science,M,Particular,83.2,5.61,,6.88
1332,Data Science,M,Municipal,81.4,3.95,4.61,7.39
1333,Administración,F,Municipal,96.8,4.38,,4.86
1334,Diseño,F,Municipal,78.7,4.35,,4.3
1335,Diseño,F,Particular,85.5,3.0,5.48,4.69
1336,Data Science,No especifica,Municipal,85.5,4.47,3.49,5.76
1337,Administración,No especifica,Particular,80.0,5.53,6.17,6.43
1338,Data Science,F,Municipal,71.3,3.53,4.72,5.58
1339,Data Science,No especifica,Subvencionado,88.2,5.85,6.4,5.02
1340,Data Science,M,Municipal,84.4,5.29,5.54,6.7
1341,Administración,M,Municipal,90.0,4.07,,4.52
1342,Diseño,M,,79.7,4.66,6.57,6.14
1343,Administración,F,Particular,97.2,6.4,6.71,4.55
1344,Ingeniería,No especifica,Municipal,76.2,5.53,5.97,5.42
1345,Administración,F,Subvencionado,102.1,4.81,4.16,4.76
1346,Administración,No especifica,,67.5,4.56,4.66,4.83
1347,Administración,M,Municipal,89.3,4.88,5.16,4.45
1348,Administración,,Subvencionado,89.8,4.29,4.23,6.51
1349,Diseño,No especifica,Particular,77.0,2.7,6.86,4.02
1350,Ingeniería,No especifica,Municipal,89.2,6.84,5.16,4.01
1351,Diseño,M,Particular,97.8,4.96,2.03,7.45
1352,Diseño,F,Particular,62.8,5.2,5.37,6.07
1353,Administración,F,Subvencionado,90.0,4.74,4.62,2.04
1354,Data Science,,Subvencionado,60.1,4.06,4.92,4.22
1355,Data Science,M,Particular,75.3,4.61,4.59,2.73
1356,Diseño,F,Municipal,101.3,3.2,,3.76
1357,Diseño,M,Particular,79.2,,6.23,1.13
1358,Administración,,Municipal,73.3,3.57,5.31,4.74
1359,Diseño,,,83.0,3.77,4.63,
1360,Administración,No especifica,,105.7,,4.95,4.97
1361,Data Science,F,Municipal,66.7,6.09,5.02,2.95
1362,Data Science,F,Municipal,74.5,4.81,4.12,5.0
1363,Ingeniería,M,Particular,100.0,3.56,5.64,
1364,Data Science,M,Subvencionado,103.6,6.05,5.51,6.7
1365,Diseño,F,Municipal,84.0,5.53,6.69,6.59
1366,Data Science,M,,72.6,5.34,6.38,5.84
1367,Administración,F,Subvencionado,106.0,5.52,4.25,4.51
1368,Data Science,No especifica,,100.9,7.19,5.9,7.28
1369,Ingeniería,M,Subvencionado,91.8,6.99,3.95,3.04
1370,Data Science,F,Subvencionado,76.9,4.11,5.77,3.22
1371,Administración,M,Municipal,84.5,6.42,4.43,4.8
1372,Administración,F,,83.4,5.18,3.87,7.6
1373,Diseño,F,Particular,88.3,5.3,5.31,4.66
1374,Data Science,M,Municipal,99.5,3.11,,4.68
1375,Administración,No especifica,Municipal,93.8,,3.07,3.17
1376,Ingeniería,F,Subvencionado,74.2,3.99,4.8,6.04
1377,Diseño,F,Municipal,98.8,5.63,5.09,
1378,Ingeniería,F,Particular,88.1,,4.59,5.85
1379,Data Science,No especifica,,91.9,2.73,3.26,4.14
1380,Data Science,No especifica,Particular,99.7,4.78,4.1,4.05
1381,Data Science,,Subvencionado,73.9,5.92,5.43,3.35
1382,Diseño,,Municipal,84.6,4.61,5.64,5.0
1383,Administración,M,Subvencionado,79.7,8.676906188016702,4.98,3.6
1384,Diseño,M,,69.3,5.15,,3.49
1385,Ingeniería,No especifica,Municipal,88.5,5.14,5.44,4.39
1386,Diseño,M,,110.1,4.53,4.18,
1387,Ingeniería,No especifica,Particular,66.6,3.58,,4.25
1388,Diseño,M,Particular,84.7,3.68,3.46,5.46
1389,Administración,,Municipal,91.4,5.51,4.88,4.99
1390,Ingeniería,No especifica,Municipal,86.2,4.82,6.22,4.55
1391,Data Science,M,Municipal,83.9,4.66,5.75,5.12
1392,Data Science,F,Subvencionado,72.0,4.38,6.54,
1393,Diseño,M,Subvencionado,87.3,4.49,4.67,5.03
1394,Data Science,No especifica,,77.4,5.85,6.48,5.08
1395,Ingeniería,F,Municipal,63.1,4.46,4.79,3.1
1396,Data Science,M,Particular,96.9,3.46,6.62,
1397,Administración,M,Municipal,94.6,5.54,4.98,3.84
1398,Administración,M,Subvencionado,85.5,4.6,5.78,
1399,Diseño,,Subvencionado,87.3,4.83,6.62,6.3
1400,Ingeniería,No especifica,Municipal,95.7,6.41,4.79,6.01
1401,Administración,M,Municipal,87.2,4.78,5.24,
1402,Administración,M,Subvencionado,94.0,,6.42,4.47
1403,Ingeniería,M,Subvencionado,82.0,3.62,4.85,
1404,Data Science,M,Subvencionado,98.1,4.58,3.55,5.71
1405,Data Science,,Municipal,88.2,5.41,7.36,4.16
1406,Diseño,No especifica,Subvencionado,86.9,3.24,4.48,3.95
1407,Data Science,No especifica,Subvencionado,72.3,5.0,5.17,2.41
1408,Ingeniería,M,Particular,87.9,4.9,6.27,5.08
1409,Administración,F,Municipal,76.7,4.84,4.33,4.8
1410,Data Science,No especifica,,78.6,5.84,3.89,6.26
1411,Diseño,F,Particular,76.8,5.13,5.28,5.33
1412,Data Science,No especifica,Subvencionado,74.3,6.28,3.03,6.5
1413,Ingeniería,M,Municipal,106.2,,4.68,4.06
1414,Diseño,No especifica,Subvencionado,98.3,,5.27,
1415,Data Science,M,Municipal,104.2,4.88,4.7,4.27
1416,Diseño,No especifica,Particular,72.8,3.73,,5.83
1417,Ingeniería,M,Municipal,85.7,5.76,,3.15
1418,Administración,M,Subvencionado,72.1,7.12,,5.18
1419,Ingeniería,M,Subvencionado,78.0,4.78,6.57,2.52
1420,Ingeniería,M,Subvencionado,75.8,5.31,4.71,4.58
1421,Ingeniería,F,Municipal,97.4,4.88,0.21639628344261386,5.43
1422,Ingeniería,M,Particular,81.0,4.09,5.3,4.27
1423,Administración,F,Particular,95.7,2.98,4.76,3.64
1424,Administración,F,Municipal,91.0,4.09,3.7,5.92
1425,Diseño,M,Subvencionado,108.0,3.41,6.62,4.78
1426,Data Science,F,Particular,70.2,6.5,4.32,4.31
1427,Administración,No especifica,Subvencionado,97.6,4.68,2.98,4.95
1428,Administración,M,Municipal,96.5,4.45,6.46,8.06
1429,Data Science,F,Subvencionado,75.3,5.69,4.45,6.28
1430,Administración,M,Particular,95.1,3.68,4.33,6.3
1431,Ingeniería,M,Particular,88.4,4.03,3.06,5.42
1432,Ingeniería,M,Subvencionado,82.7,4.87,6.92,5.1
1433,Data Science,F,Municipal,76.8,5.83,3.58,2.02
1434,Diseño,No especifica,Subvencionado,77.8,5.3,5.06,
1435,Diseño,No especifica,Municipal,105.5,5.05,6.0,
1436,Data Science,F,Subvencionado,85.0,4.88,5.46,2.65
1437,Data Science,M,Particular,92.8,5.2,,3.51
1438,Ingeniería,F,Municipal,77.1,5.0,3.13,2.52
1439,Diseño,F,Municipal,77.2,3.77,4.11,4.85
1440,Administración,F,Municipal,95.8,4.85,,5.88
1441,Ingeniería,M,Particular,71.5,3.73,0.45562621908029555,6.23
1442,Data Science,F,Subvencionado,80.8,4.88,5.22,5.4
1443,Diseño,M,Particular,85.3,4.32,5.75,3.74
1444,Administración,F,Municipal,86.1,7.34,6.06,2.58
1445,Administración,No especifica,Subvencionado,83.2,4.76,3.65,2.79
1446,Ingeniería,F,Particular,89.0,3.4,7.42,3.38
1447,Diseño,F,Municipal,91.9,4.67,5.84,3.83
1448,Diseño,No especifica,Municipal,92.3,5.32,5.0,4.71
1449,Data Science,M,Particular,75.1,6.47,6.2,3.68
1450,Diseño,M,,82.2,4.21,7.6,5.31
1451,Diseño,F,Particular,96.9,3.22,3.42,4.62
1452,Ingeniería,No especifica,Municipal,93.9,5.62,4.75,4.91
1453,Diseño,,Particular,71.3,3.42,2.38,6.27
1454,Administración,,Municipal,88.5,4.36,5.21,3.48
1455,Ingeniería,No especifica,Particular,65.2,4.54,5.4,5.4
1456,Ingeniería,M,Municipal,85.5,4.73,4.96,4.88
1457,Data Science,M,Municipal,104.0,5.49,4.28,4.5
1458,Diseño,No especifica,Subvencionado,75.5,4.12,2.75,5.96
1459,Data Science,No especifica,Particular,76.7,4.53,5.41,5.95
1460,Administración,No especifica,Particular,92.6,4.79,6.6,3.76
1461,Ingeniería,No especifica,Municipal,69.6,4.95,4.35,4.68
1462,Ingeniería,F,Municipal,78.7,4.9,5.48,5.24
1463,Ingeniería,,Municipal,91.0,5.24,3.28,4.57
1464,Administración,M,Subvencionado,78.7,5.64,5.5,5.6
1465,Administración,M,Subvencionado,82.6,5.19,4.57,5.24
1466,Data Science,F,Municipal,92.4,5.25,4.16,7.1
1467,Data Science,M,Particular,89.2,3.22,4.16,3.06
1468,Data Science,M,Particular,87.7,4.85,4.57,4.75
1469,Diseño,No especifica,Subvencionado,81.6,5.28,5.42,3.81
1470,Ingeniería,M,Subvencionado,88.7,5.53,3.56,5.62
1471,Ingeniería,F,Municipal,83.8,4.11,4.56,2.96
1472,Data Science,No especifica,,89.6,4.14,4.95,5.32
1473,Ingeniería,No especifica,,80.0,4.23,3.79,4.14
1474,Data Science,F,Subvencionado,83.2,8.81637265880005,6.98,4.02
1475,Diseño,No especifica,Particular,75.1,5.83,4.06,3.16
1476,Diseño,No especifica,Particular,84.6,4.39,4.26,4.34
1477,Administración,F,Subvencionado,76.9,5.71,3.92,6.2
1478,Diseño,No especifica,Municipal,73.9,4.92,,4.87
1479,Data Science,F,Municipal,87.6,4.68,5.61,5.65
1480,Diseño,F,Particular,87.1,4.59,3.97,6.9
1481,Administración,M,Subvencionado,92.8,5.55,6.22,5.22
1482,Ingeniería,M,Particular,80.7,5.13,5.22,4.23
1483,Data Science,No especifica,Subvencionado,89.1,7.08,5.28,5.46
1484,Ingeniería,No especifica,Municipal,90.5,3.95,4.62,4.25
1485,Administración,F,Subvencionado,89.4,5.32,4.18,4.29
1486,Administración,No especifica,Municipal,76.7,,5.37,3.08
1487,Administración,F,Subvencionado,86.5,3.93,,6.01
1488,Ingeniería,F,,88.6,4.79,7.0,4.44
1489,Ingeniería,No especifica,Municipal,85.1,4.94,3.6,5.12
1490,Ingeniería,F,Particular,64.1,7.72,6.69,3.66
1491,Ingeniería,M,Particular,86.6,8.220867379033017,4.88,5.42
1492,Administración,No especifica,Municipal,107.1,3.67,5.33,3.99
1493,Administración,M,,81.4,5.07,5.92,4.73
1494,Data Science,No especifica,Particular,77.7,2.73,4.31,5.95
1495,Data Science,F,Particular,88.7,,5.95,5.85
1496,Ingeniería,No especifica,Particular,88.1,4.82,,4.87
1497,Diseño,M,Particular,96.9,5.59,4.21,2.78
1498,Diseño,F,,72.4,5.77,3.98,8.49
1499,Administración,No especifica,Municipal,92.3,4.3,3.62,7.0
1500,Administración,No especifica,Particular,90.9,4.65,4.76,
92,Diseño,M,Municipal,87.0,4.78,7.22,5.09
76,Data Science,No especifica,Municipal,69.4,4.97,5.72,3.11
1265,Data Science,No especifica,Subvencionado,90.2,6.33,3.37,4.69
331,Ingeniería,F,Municipal,92.9,6.44,2.59,
1350,Ingeniería,No especifica,Municipal,89.2,6.84,5.16,4.01
775,Data Science,No especifica,Municipal,91.4,5.35,5.0,5.01
1039,Ingeniería,No especifica,Municipal,77.3,6.21,4.56,6.79
1286,Data Science,F,Subvencionado,79.4,5.77,4.32,3.23
1166,Data Science,No especifica,Subvencionado,90.7,5.42,4.68,4.58
336,Diseño,No especifica,Particular,78.9,5.27,3.48,4.62
686,Data Science,M,Subvencionado,87.2,3.13,3.92,6.31
182,Administración,No especifica,Particular,81.1,,5.04,3.71
1221,Ingeniería,No especifica,Subvencionado,93.6,5.03,5.93,5.6
102,Data Science,F,,84.2,4.25,,4.14
693,Ingeniería,F,Particular,79.7,5.11,6.37,3.99
1127,Diseño,No especifica,Particular,72.9,4.65,3.69,4.99
170,Data Science,F,,85.5,5.18,4.12,2.78
927,Ingeniería,,Municipal,76.4,4.79,5.08,6.64
1296,Data Science,,Subvencionado,95.2,5.11,5.66,5.78
415,Administración,M,Subvencionado,84.5,6.48,6.81,3.96
1411,Diseño,F,Particular,76.8,5.13,5.28,5.33
1280,Diseño,M,Municipal,77.0,3.47,,5.87
1465,Administración,M,Subvencionado,82.6,5.19,4.57,5.24
809,Data Science,F,Subvencionado,97.6,4.34,6.82,2.21
103,Data Science,No especifica,Particular,88.5,5.8,6.42,4.86
1400,Ingeniería,No especifica,Municipal,95.7,6.41,4.79,6.01
1244,Administración,No especifica,Municipal,81.0,6.13,,5.58
923,Ingeniería,M,Subvencionado,66.8,4.19,5.82,3.88
1298,Ingeniería,F,Municipal,71.6,4.56,5.89,4.35
762,Data Science,M,Particular,94.9,4.32,5.44,3.03
1159,Diseño,No especifica,Subvencionado,85.0,4.88,4.43,4.83
293,Ingeniería,M,Particular,85.8,4.07,4.96,6.24
1337,Administración,No especifica,Particular,80.0,5.53,6.17,6.43
1200,Ingeniería,F,Subvencionado,86.8,4.76,2.47,
232,Diseño,F,Particular,85.7,5.18,5.34,3.13
1038,Administración,No especifica,Subvencionado,78.2,4.67,6.74,4.54
1142,Ingeniería,M,Subvencionado,85.0,4.38,5.03,
38,Ingeniería,No especifica,Particular,89.7,5.11,5.91,3.5
54,Diseño,M,Subvencionado,78.5,6.5,,6.2
1010,Diseño,F,Subvencionado,80.0,,3.67,0.58
926,Administración,M,Subvencionado,89.2,2.63,,4.78
562,Administración,M,Subvencionado,80.1,4.81,4.94,5.69
680,Data Science,F,Subvencionado,76.6,3.22,3.91,
590,Ingeniería,No especifica,Particular,77.4,6.22,4.64,5.68
895,Diseño,F,Municipal,84.1,3.9,,6.07
698,Data Science,F,Particular,81.9,6.9,4.34,5.82
1212,Diseño,M,,77.7,5.77,,
896,Diseño,No especifica,Subvencionado,79.7,5.02,7.63,5.95
1461,Ingeniería,No especifica,Municipal,69.6,4.95,4.35,4.68
195,Administración,No especifica,Particular,69.8,4.79,5.07,7.22
1177,Administración,No especifica,Particular,75.4,5.97,,6.81
1260,Administración,F,Subvencionado,98.8,5.04,6.65,5.07
1105,Data Science,M,Subvencionado,93.8,5.45,4.9,4.55
485,Ingeniería,No especifica,,90.1,4.89,4.86,3.85
991,Data Science,F,Particular,98.3,8.94425494986421,5.1,5.81
1180,Administración,F,Municipal,100.9,4.27,6.4,4.98
461,Data Science,,Subvencionado,80.6,4.06,4.11,5.13
1352,Diseño,F,Particular,62.8,5.2,5.37,6.07
422,Data Science,F,,84.4,4.41,6.69,
597,Ingeniería,M,Particular,87.5,4.74,,4.72
1033,Ingeniería,M,Municipal,86.9,,4.39,5.97
1432,Ingeniería,M,Subvencionado,82.7,4.87,6.92,5.1
573,Ingeniería,M,Particular,89.1,2.96,5.37,5.73
497,Administración,,Municipal,89.6,4.37,4.46,4.01
1245,Administración,,Particular,104.9,5.63,3.02,4.65
305,Data Science,No especifica,Municipal,77.1,5.15,4.59,7.19
269,Administración,M,Subvencionado,83.7,6.05,4.94,6.64
310,Data Science,M,,99.5,6.25,4.98,6.1
1372,Administración,F,,83.4,5.18,3.87,7.6
536,Data Science,M,Particular,95.2,3.83,4.34,3.89
1049,Ingeniería,M,Municipal,68.4,7.19,5.01,4.04
454,Data Science,,Subvencionado,92.9,4.66,3.04,3.89
924,Administración,No especifica,Municipal,92.6,5.0,5.1,5.63
548,Diseño,F,,64.0,,4.53,5.58
986,Data Science,M,Municipal,81.3,,4.04,5.48
1383,Administración,M,Subvencionado,79.7,8.676906188016702,4.98,3.6
1056,Ingeniería,,Particular,92.0,4.5,,4.92
141,Diseño,M,Particular,90.3,5.45,4.17,4.45
436,Diseño,No especifica,Municipal,73.1,5.69,6.07,4.54
1054,Administración,No especifica,Particular,92.6,5.32,4.96,6.63
